Sequence,Reads,RPM
ATCATCATCATCATCATC,14,0.29
GTGGGTGCATTTGCTGTA,12,0.25
GACGGCATTCAGGCACGT,12,0.25
TGTAGTGCTCGGCTGCCG,10,0.21
AGGCTGCGTAAGTCTGCT,10,0.21
ATGTAGTGTTCTAGTCGT,9,0.19
GGGGCGAGCCATATCGTG,9,0.19
TCGGGCAGGTTTCACGGT,9,0.19
ATGTGGGATAGGGACAGG,9,0.19
GACGATGGGTGTACGGTA,9,0.19
GGGAATAGTGTCGTGCGC,8,0.16
CGGGCAAGGATTACAGCG,8,0.16
CAGCATGGAGGGTTGTAC,8,0.16
GTTACGAGGGAGGAGGCG,8,0.16
TGCACCAAGCATCAGCGG,8,0.16
GGCGGGGTAACCACTGCA,8,0.16
ATACTCGCCCATACGCCG,8,0.16
CATTCGGTGCGGCCCGGG,8,0.16
TAAGGCGAAGTACCAGTG,8,0.16
CCCCCCCCCCCCCCCCCC,8,0.16
TGGGTATCACGGGAAAGT,8,0.16
AGTTGGTTCCGGCTGGAG,8,0.16
GATACTGCCGTTGACGGT,8,0.16
CTATGGAGCAACAGTGAT,8,0.16
TAGCGTAAGGTCCATGTT,8,0.16
GCAGGGCAAGTGAAGGTG,8,0.16
AATCCACCACCTGCTGCT,8,0.16
GCATCAGCTGGCTTAGCG,8,0.16
AATGGAAGGAGTGAGATG,8,0.16
GGCTAGTAAGGTGTCCTG,8,0.16
ATGAGGCCTTGAGGAGTG,8,0.16
ATAGGGCGCACCACTCCA,8,0.16
GCGGTAGTGCATGCTCCT,8,0.16
GACGGGGCGACGCGGTAA,8,0.16
ATGGCCGGACTCTTGGCG,8,0.16
AACCGGTGTGCTGCGGAT,7,0.14
TACGGAGCACACGGCGAA,7,0.14
GGCGACAGTGCCTAATGT,7,0.14
GGTGATGTTCCCGATCTG,7,0.14
AGGATCCGTCGGGAGCCG,7,0.14
GACTGTGGGTGACGCTGG,7,0.14
AGAGGTGGAAACGTGCTG,7,0.14
TCCCCGAGGGCCGACTTA,7,0.14
ACGGGTGAGGTCGGCTGC,7,0.14
GCCGGGTTGCCACTAACG,7,0.14
GGATGCTGGGATGAGGTG,7,0.14
GGTGCTGGTTCGGTGAAT,7,0.14
GGGCGGACACTTTGCGAC,7,0.14
GGCGATACGGTGAGAGGT,7,0.14
GGTGAACGAGACAAGCTC,7,0.14
CAGCAGGGTAGAAGCGAA,7,0.14
ACTTGGGCCAGTATGCGT,7,0.14
AAGCGGCAGAGTAGGCGT,7,0.14
ATGGAGCAGCGGGACATC,7,0.14
AGGGGATACGGTAACCTG,7,0.14
GTAGCGGTAGACACGGTC,7,0.14
GCTGACTCGTCTCTTGCT,7,0.14
CGATGAAGGCGCGTAGTA,7,0.14
TGGGAGAATCCGATCGCA,7,0.14
GGGTCCATGTTACGTTAG,7,0.14
GTAGTATGTCACACGTGT,7,0.14
GAAGCTTTTAGCGGACGG,7,0.14
CGGGGATCTAGTTAAGGT,7,0.14
TGGGGACTAACAGTGTTC,7,0.14
AGAGCGTGAGAAGCGTTG,7,0.14
GAACGGGTTAGGTCTAGG,7,0.14
AACGGGCAGACACGGAGA,7,0.14
AGCATCAGACGACACCCG,7,0.14
TCCGGGAGAGATGCGCGA,7,0.14
ATTGGGGATGAGCTGATT,7,0.14
ACGGAACGGAAGGCGTGC,7,0.14
ACTTTACTGCTGCGTATG,7,0.14
TCACGGACTCTTCGCAAT,7,0.14
TACCCTAGGCGGTGCGCT,7,0.14
GACTAGGACATCCTGGCG,7,0.14
GAACGGCGGAAGTGACAG,7,0.14
TAACCTTACCTCATGTAG,7,0.14
TGAAGACACCTCTAGTCG,7,0.14
ACCTCTAGGCGGGAGCTT,7,0.14
GGATGGATGCTGTTGGTA,7,0.14
TTGGGAGAAGACGTGCAT,7,0.14
AGTACACCCGTTAGTGCG,7,0.14
AGTACGGGCATGGGCTCA,7,0.14
ATGGGAATCTCGCCTACG,7,0.14
ACACAGTGCTCTTCGATC,7,0.14
AGCTGTGGCACATTGGTG,7,0.14
AAGGGTCGTCAAAGGTCT,7,0.14
AGTAGAGGATGTAATGAT,7,0.14
AGGGGCACAACACATAGT,7,0.14
GCGGACGATGAGGCGGTA,7,0.14
ATAAAGGTCAAACGTCCG,7,0.14
AGTATGGGCATAGTGTCT,7,0.14
CAGGGCACTACACATCGT,7,0.14
TCCAAGCAGGGACGCCGG,7,0.14
TGACGGAATGAGTACTCG,7,0.14
AGGCACGGGTAAGCGTGG,7,0.14
ACAGGGCCGTTGTATCTC,7,0.14
GTAATGAGCCAAATGGAG,7,0.14
AACGTGATGTGTATAGTG,7,0.14
GTGGAGTTAGTTGGGCAC,7,0.14
TTCCGGTGACCATAATTG,7,0.14
TCCGGTGCCAACCAGGGT,7,0.14
TAACGTGAGGCCAAGTAA,7,0.14
AGGGCGTTATATCCATGG,7,0.14
ATAATGGGGCACGGGCCG,7,0.14
AAGCAGCGCCGGCCCATG,7,0.14
TAACCGGGATAACCGAGG,7,0.14
ATCGAGACGGTGCATTCA,7,0.14
TCTCCATGATGTGGCTAA,7,0.14
GCGTGGTCCTGTCGCTGT,7,0.14
GTGCGGAGCGATACACTA,7,0.14
TGCAGAGACTCTGACGTT,7,0.14
ATGTCGTTCGAGCCGCCT,7,0.14
TGGGTGCACACCAGTCTA,7,0.14
ATGGGATATTACCGCCGT,7,0.14
GCATACGAGCAGTGTGCA,7,0.14
GGGGTTAGATGCGCGATG,7,0.14
CGGCCGCCATCACTAGTG,6,0.12
TAGGCAGTTAAAAGGGAA,6,0.12
ATGTCGCACTGATATGGC,6,0.12
GTCGTACGGCTCATCGCT,6,0.12
AGGTCATTGTGACACTCT,6,0.12
GACTCTGATCATCCTCTT,6,0.12
AGATCGATGGCTGTTTCG,6,0.12
TAGAACAAGCAGAGGCAG,6,0.12
GGTAGGTGCGTTGACGGG,6,0.12
AAGCACAATCGGCACAGG,6,0.12
ACCGTTATCGGGACGTAT,6,0.12
TCGGGACTTCGACCGCGT,6,0.12
GGGCAGTGATAACAACGT,6,0.12
CAAGCAGGCTGACCCGTG,6,0.12
AAGCAGATGCAAGGTACG,6,0.12
GTGGACCCTCGGCCATTA,6,0.12
ATGCGGCAAGATTCGGAA,6,0.12
CACGGAGTTGTAGACGCT,6,0.12
GGACTGGACCTGGAGTCA,6,0.12
AGAGACGTGATGTGGGGT,6,0.12
GATATTGCTCCTTCCTAA,6,0.12
GCCGTGTGACACGTGCAG,6,0.12
GGGGAGGGAGAGGAGGCG,6,0.12
TTGGACGGAGAGCTGCAT,6,0.12
GGAACGAGGATGGCCGAT,6,0.12
CAGGGGCAGGAACATCGT,6,0.12
AGTGCGAGATCACACGGT,6,0.12
ACGTGGGGACTACGCGGA,6,0.12
CGGGAGGAATCGAGGGCG,6,0.12
AAGGCGCTAGGAGGTAGG,6,0.12
AGGGGCCACCATTACAGT,6,0.12
GCAGTACAAATACGGGTG,6,0.12
GCAGGTGCTGAACGGTTG,6,0.12
GCACACTCTGGTCTTTAT,6,0.12
TAGGTGTGAGCCGGCGGG,6,0.12
ACGGGCTGAAAGTCGATG,6,0.12
GCTCATGCATTCACAGTG,6,0.12
ACGAGGCTGATCCGAGTG,6,0.12
AGGCAAGGTGCTCAGCGC,6,0.12
ACGCGGTAAGCGGGCGGC,6,0.12
CATGGCCCGAGCTGTTAG,6,0.12
ACTGGGCGTACGGGCTCT,6,0.12
TGTAGTTAGTCATGAGCT,6,0.12
GCGCGGCTATTGCGAGTG,6,0.12
TGAGCGGTCATTGTCGCG,6,0.12
GCTCGAGAGGATCGTGCG,6,0.12
CGCTATAATTGTGCTCGG,6,0.12
TGAACGTGCGACTGTGTT,6,0.12
ACATTGGATCGGCATCGG,6,0.12
GGGAGTTGGGTACGGCGT,6,0.12
TACCCGGAATGACAGTGG,6,0.12
AACAGAGTGCGTGTCATG,6,0.12
AGGGTAGCATGGCTGTTA,6,0.12
AAGCAGCAGCCAGGTGAG,6,0.12
ATACGTGGCTCTACGCGG,6,0.12
GTACCGGAGATGTAGCTG,6,0.12
AACGACGGAATCTGCGCT,6,0.12
CACAAGTGGATAGGCCGT,6,0.12
TGTGAATTCATACGCTAA,6,0.12
TACTGGAGGTCCGCTGCG,6,0.12
TACGGCGAAAGGCATGCT,6,0.12
GCGGGTATCGGAGACGAG,6,0.12
AGGACGGTAGCAACGTAG,6,0.12
AAGCTTGGATGGCGAGGG,6,0.12
AAGGATAAACGCGCGTCG,6,0.12
CGAGGAGGGAATGGACGT,6,0.12
TACCGGTGTCCCGTTGGT,6,0.12
TGGGACGGTCTTCCTGGT,6,0.12
AGACGGTAACTGGACGGT,6,0.12
AGAGGGTTACCTTCGTAT,6,0.12
GACCCTGATCGCAGCTAG,6,0.12
GGCACTCGAGTGTCGCGA,6,0.12
AGGTACGGATGGTAGGGC,6,0.12
ATGGACGTACATCATGTG,6,0.12
GAGGATGGGTTGACGGCG,6,0.12
ATTCGTAACCCTGTGCAA,6,0.12
GGGATCAATTGGGTGGCG,6,0.12
ACCGCTAAGGTGGCTCGG,6,0.12
AACCAAGACATGTTCGAT,6,0.12
TAGGGATCCAAGCAGGAA,6,0.12
GTAGGCCCGGAGCGTGTT,6,0.12
TCGTTGCTGGTGGAGTTA,6,0.12
GGGGATGGCGGACACTGG,6,0.12
AAGCAGAGTCCAGGACGT,6,0.12
TATCAAGCGGAAGCCCGG,6,0.12
GGGATGGGTACGATGCCA,6,0.12
AGGCCGGACGCGTGCATG,6,0.12
AACCCGACTCAGACAGTT,6,0.12
TAGGGTAATCGGTGAGTA,6,0.12
AGGGGAATGGCGCCTACA,6,0.12
GGGCCTGAATGTAATAGA,6,0.12
TGGCCGTGATCGCTGACC,6,0.12
GTGGAGTGCGCAGGATGA,6,0.12
GGGAGCTGTCTGTCTGCA,6,0.12
AGCGGGACAGCGGGTTGC,6,0.12
AATGTGCCAATAGTGCTA,6,0.12
GGGGAGCACGACGAAATA,6,0.12
AGTATCGATAAGACAGTG,6,0.12
ATGCAGTAACCGGGCGCT,6,0.12
AATGGAAGTCCGACGAGG,6,0.12
GCGGATTAGCGGGTCGTG,6,0.12
AGACTGTGTTCAATAATG,6,0.12
ATCTGTACTGTCGCGGGA,6,0.12
ACAGGGACAAATCAGGTT,6,0.12
ATGCACGTAGGTCTGGTA,6,0.12
AATTGGTGGATCTCCCCT,6,0.12
TAGTGGGCTGACTGCGCT,6,0.12
ACACACGTATACCAAGTG,6,0.12
TCGGCGAATGCTGGGAGG,6,0.12
GTCACTCGAATAGGGAAA,6,0.12
AACTGCATTGGGCAGCGT,6,0.12
GTGGGGAACTCCCAATGG,6,0.12
TGCAAGTGGAGTTCGGAC,6,0.12
TTCAAGCAGCGACGTGCT,6,0.12
GGGGAGCGCCCCTTGAGA,6,0.12
GAGGCGTAACGTCGTTCT,6,0.12
TAGTCCAACCAGACCTGG,6,0.12
GAGCACTCGGCAACTATT,6,0.12
GGTAGAGGCGCTGTTGGT,6,0.12
AATCAGGAGACATGTGCG,6,0.12
TGAATGTAGCAGGCCGTG,6,0.12
TGCATGCTGACGTACGTG,6,0.12
GACGATGTGCTAGTCCTG,6,0.12
ATGTGTCCGATTGGATGC,6,0.12
TAGGGCTATGACTATCTG,6,0.12
AAGCACTAGGGATTTCCT,6,0.12
CAGGTAGCGTGCATTGTG,6,0.12
AGGACACCTCACTGGGTT,6,0.12
GGGACTAGTTGTGCGGCA,6,0.12
CGGGCAGACTCAGGTGAG,6,0.12
ATGGGCAGGGACGGCATA,6,0.12
TAGATGGGTTATCCGTGT,6,0.12
TGCGGTGACGTTTCTTGT,6,0.12
GGGTGAAGCCGGTCCTGA,6,0.12
TGCGGCCAGTCTGCATCT,6,0.12
TGATGGTGTGCTACGTGT,6,0.12
ACAAAGGGTCTGCGCGGT,6,0.12
CAGGGATGGTATGTAACG,6,0.12
CGGGGACCAAAAACTCAG,6,0.12
TCCGCTCCGCCGGACTCT,6,0.12
GAATGGTCACGAGATGCG,6,0.12
GGGATCGTCGCTGCTTGG,6,0.12
TTGTCGAGTACATCTGCT,6,0.12
TGACCGTACCAGCAGGAG,6,0.12
GCACACTCTGCGGTCTCT,6,0.12
TATGCGCTGCGGATGTCG,6,0.12
GGCTTGTGTCGAAGTATT,6,0.12
TCACGCCTCGCGAATGCT,6,0.12
GCGGTAGGAGTTCTTTGT,6,0.12
AGATGTGCAGACCGATGA,6,0.12
AAGCAGGAGACAACGGGA,6,0.12
TAGGCCAAGGAGACGCGT,6,0.12
TGCACCAACTCCACGTGG,6,0.12
TCGTCATGACGATGGAAG,6,0.12
ACACTGATTGTCGCCGCG,6,0.12
ATCGTACATCGGTGCCCG,6,0.12
ATGCTGGAAGCGGTGTGT,6,0.12
ATGCGGGTACACAGAAGG,6,0.12
GGCAACGTGTAGCAGTCG,6,0.12
ACAACAACCGGAATCGTG,6,0.12
GAGTAATTGGGTTGCAGG,6,0.12
ACGGGACGGCACACGCTA,6,0.12
GTGAGCGGAACGAGGTTG,6,0.12
CATGGCATCGCGGCCGCA,6,0.12
GCCAGTGCGAGTGAAGTG,6,0.12
AATAATCAACGTGACGGT,6,0.12
ATCAGTGGCATTTCCGTC,6,0.12
TGTAGTGCAGTCGCGGGA,6,0.12
AAGGGTTGCCAGGACCTG,6,0.12
ATTGTGTCGGACGCGAAT,6,0.12
GGACCAGTCCGTATGGCG,6,0.12
AAGAGTGAGCGGAGCCGG,6,0.12
ACGTTGAACCCTACTGCT,6,0.12
ACGGTATCTCAGCCATGC,6,0.12
AATTGGGAGTTGAGGATG,6,0.12
TGAGGACGTAAAACCGAT,6,0.12
GGCTGTCGTGCTCCGGCT,6,0.12
GCATGTGAGCAGCAGGTT,6,0.12
GGGGTGAGGAGCGGCTGG,6,0.12
TTATGTAGGACCAATGGA,6,0.12
GGGTTCATGGTACCGTCT,6,0.12
GCGGAGGATAAGAGCATC,6,0.12
GGGGAAACAGACCAAAAG,6,0.12
ACAATGACCCGATCCGCT,6,0.12
TACGTAGGTAACTATGTG,6,0.12
AGGGAGCTTATTGCGCGG,6,0.12
TCTTGATGGATGTACGTG,6,0.12
AACTGGCGCGGACATTCG,6,0.12
GGAGGACATCTCTAAGAG,6,0.12
GGGTGTGGCAAGAACAGT,6,0.12
ATGGGGGATAACTCCGTA,6,0.12
ACACAAGACGGTCAATAT,6,0.12
GTGTTGACGGATGTGTAA,6,0.12
ACCGAGAGAATCAGGTGG,6,0.12
CCAGTGGGACGTAAGCGA,6,0.12
GGGGTAAGCCGGTGCCGT,6,0.12
ACAGTGCTGGCAGTGTGA,6,0.12
ACGTAGCACTAGCGTGTG,6,0.12
ACATGTGCTCTAGGTTAT,6,0.12
AAGCAGTCGCTGGCTGTG,6,0.12
GGTGCCGAGGAAACGCGA,6,0.12
GACGACAGGACGTTTGTG,6,0.12
GGTGCTCACCTGCCTGGT,6,0.12
AGTGGGCCCGCCCTGTGA,6,0.12
GGGATGCGGAGAGGGTGG,6,0.12
GTAGGGCTAATCGTTTAA,6,0.12
GAGAGTATGTAACGGGTT,6,0.12
GACGAGGGTGCTATCCTA,6,0.12
TGCCGTGCCTCCGGTGTA,6,0.12
AGTGGAAGCTGCACTAGG,6,0.12
TCGAGATGGTGTAGGCTT,6,0.12
AGCCGTACTTTCAATGGA,6,0.12
GGTGGTAAGATCCATATG,6,0.12
TGGTGATTGTACGCGCGC,6,0.12
GCAAACCGGGATGACAGG,6,0.12
TAGGGTGAGGCTCAGGAT,6,0.12
ATTCTCAGCAGAAATCGG,6,0.12
AGGCGAGCATCATTGGTT,6,0.12
CTGGTAAGCGTTCTGGTG,6,0.12
TAGTCTCGCCGTGGGTCT,6,0.12
TAGGCAGCGGCAGGGGAG,6,0.12
CGTGGCTCTACGTCGCTG,6,0.12
CGGGACTTCAGGGTCAAG,6,0.12
CGTGCTAGCGGACCAAAT,6,0.12
ACTAACGGAAGGTGGGTG,6,0.12
TCACGGTCTCATCGTGCG,6,0.12
CTGCAGGGCGAGGCGAGG,6,0.12
TGCATCGGGTTCTTATGT,6,0.12
TGGACGAGTGCGCAATTA,6,0.12
AGGGCAGTCGTTGTCGCT,6,0.12
GAGTAGGGTGAGTACGCG,6,0.12
AGTAGAAGGTGCGGTGTT,6,0.12
AGGTGCCGACTTTGGCGA,6,0.12
TGGCGCGGAGAAGGGCAA,6,0.12
TAAGCGGTCGATTCACGT,6,0.12
GGTATGAGTATCGACAAG,6,0.12
GCTACCGCTACTCTTGGT,6,0.12
TTACGAAGCTAAAACGTG,6,0.12
GCGTCAGCGCCAGTTCGG,6,0.12
ATGGGCCAGGCTAACATG,6,0.12
GGCAAGTTCGCGTCTAAC,6,0.12
ACCGGGTACAAAATCTTG,6,0.12
CACGAGGACGGGAGATGG,6,0.12
CGGGTGCAAGTCCCTCGG,6,0.12
AACCGCGGTGTGGGATGT,6,0.12
TGGAGGCGAACGGTCTGC,6,0.12
AAGCAGAACGCGTAAGAG,6,0.12
GAGTATAATGCGATTCGT,6,0.12
GGGGAAATGGGCGGCACT,6,0.12
GGAGGATGCGAGCACGTT,6,0.12
AAGGTGTGTGCACTTCGT,6,0.12
TACCGGTAGGTTTCGCCA,6,0.12
ACGTCGTGAGGGATATCG,6,0.12
CGGAGGGTGAAACTGAGT,6,0.12
GGGCCGCGGACGAAGTAG,6,0.12
GGGTAGGGGACGATCAAG,6,0.12
AGACGAGTGAAGGTTGCT,6,0.12
TAGGGTACAAGTGTCGCA,6,0.12
ATGAACAGGGTACGGTGT,6,0.12
GACTGATACATGACGCTG,6,0.12
CTGGTGGACGAGTAATAG,6,0.12
TCAAGGCTAAACACTGCT,6,0.12
GGGCACGAGTGGCACATG,6,0.12
TGCAGACCGCTGGAGGTT,6,0.12
GCAGGAGCGGTCCGTGTT,6,0.12
TACGGACGACATCCTGTG,6,0.12
TGGGCACGTATTCAGGTT,6,0.12
GTCGAGTGGATGCGGCAG,6,0.12
GGTATCGTCAATCCTGCT,6,0.12
GGCGGACGAATTGGTGGA,6,0.12
GCAGGCCGTGATGCGAGT,6,0.12
TAGTGGTTAATGCATCGA,6,0.12
GGCAAAGACGTAGACATG,6,0.12
ATGCTGGCGAACGTCTTG,6,0.12
TGAGAATTATCGCTCTTT,6,0.12
TAGGGAAACCGGCATTCA,6,0.12
TACCGTACTCCGTCTGTG,6,0.12
TGGAGAACCAAAAGGCGG,6,0.12
GTGGCGGTGACCACTAAT,6,0.12
CGGGGGAGAGGACTCCAA,6,0.12
ATGCAGAAGCTGGCGGCT,6,0.12
GAGCTCCTGTTAAGTTCA,6,0.12
ACGACTGAATAAGGTGCG,6,0.12
AACCCATACTCAATACAT,6,0.12
CAAGGGCAGAACGGGCGT,6,0.12
ACGGGAAGTCGCTCTGGC,6,0.12
AGGAGACAGGTGCGGCCC,6,0.12
ACGTAGCAGGGAGGAGCG,6,0.12
GGAGTTAGTACCTGCTGG,6,0.12
TATAGGACGTTTGACATG,6,0.12
TCAGAGCTGCCACGTGTG,6,0.12
GTCGAAGTCGTTGGCGCT,6,0.12
TACCCTCACCTTGCGTGC,6,0.12
ACCGTGGGTTGTGCCGCT,6,0.12
AGCAGGAGCCGATGCGGT,6,0.12
AGTCGTCCGGTGTAAGAC,6,0.12
TTGCTGGTGGTACTAGTT,6,0.12
GCTTGATCCCGATAATGT,6,0.12
GGCGCGTTGGTATGAGCA,6,0.12
ATGGGTCGCATGGAGTCA,6,0.12
AACCAGAAGAAAGTTGTG,6,0.12
GTGGCAGCTCGCTTCATT,6,0.12
AGGAAGATCTCGTCGCGG,6,0.12
ATTCGTGTGACTAAACGT,6,0.12
GTCGTATAGACGCATAGT,6,0.12
GATCCGCAATGATTGCCA,6,0.12
GAATATGGGGAAGCGTCT,6,0.12
GGGCGAGTCCACGGTGCA,6,0.12
ACCTTGTGGTTGTAGCGG,6,0.12
TACACCGGTGTGCTCTGT,6,0.12
GGGTGGCACGACTCGCTA,6,0.12
ACGCCCTCATCCGCCTCG,6,0.12
GCAAGCAGAGACGTTGTA,6,0.12
AACTGCCCTATTGGAGCA,6,0.12
AGGGACGGAGAGGTGGCC,6,0.12
ACTAGTCTGCCTGGAGTT,6,0.12
ATACTAAGGGCACAACGC,6,0.12
CGAAGGGAAAAGCAGCGG,6,0.12
GTTCAATAACGGTGCAAG,6,0.12
ATGACGGGTTGGCTGGCT,6,0.12
GTGGGAGCCCAGGCTTTA,6,0.12
ATGGAGTGGCCCGTAATT,6,0.12
ATGAACGTCTCACATGCT,6,0.12
TCAGCGGACTAGTTGGTG,6,0.12
TCCGGGGAAGTTACAGCG,6,0.12
ACTGGACGGTACCTGCTG,6,0.12
GACCCGGGGACGGCTAAA,6,0.12
GGAATACTAGACGTAGTG,6,0.12
TGGCACGTAGCCATGGCG,6,0.12
CAGGGAAGGTGCTAAGAG,6,0.12
CCATGAGGCTCCGTGGTG,6,0.12
AACGCTCTACCCTGGAGG,6,0.12
GGGGTAGAAGGTAGTAGT,6,0.12
TCCGCGTGTTGTTGTGGG,6,0.12
ATAGGTGCAAATGGCGAG,6,0.12
TGGGACAGCAGTACGGCG,6,0.12
AGACTGTAGGCGTGGATG,6,0.12
ACAGGGGCATGAAACGGG,6,0.12
ACAGGTGTCGAAAGGGTT,6,0.12
AACCCGCAACCTCACATC,6,0.12
ACTGGAGGTGAATGAGGC,6,0.12
TGGATGCGGAGTGTGCCA,6,0.12
TATCCTCCTAGTTACGTG,6,0.12
GATCGTTGAGTGGCCTTA,6,0.12
CACGTGATGCACTGGAGT,6,0.12
GGGTGAAGCGGGCTGGAC,6,0.12
CGACCATGGGTGCGGCGT,6,0.12
AAGCAGGTACGGCAATAT,6,0.12
GATAGGGGAGATAGGATG,6,0.12
ACCGGGCACAGATGGGAT,6,0.12
GTGTACCTGAGACGGCAG,6,0.12
GACCGGGATATAACACTG,6,0.12
TCACGGGAGGACCACCCG,6,0.12
GCTTGAGTGCTTGTGTAT,6,0.12
TATGGCGCCATTGCCGTG,6,0.12
GCAGACTAGCATGTTGTG,6,0.12
TGGCAGGAGTTCGCGAGG,6,0.12
AGTAAGGGTAGAAGCAAT,6,0.12
TCGGGTAACTGTGTCACT,6,0.12
TAGAGCCAGCAGGGCGAT,6,0.12
AGCAGACGACATGAGTGG,6,0.12
GGCCCTTTGCTTCCGTGT,6,0.12
ATTAGACGCAGCTGTGTA,6,0.12
TACGCTCGGGCAAGACAT,6,0.12
ATACCGCAGGACGTCATA,6,0.12
GGGTAGGGTACGGCCGCG,6,0.12
ACGTGGCAAGTTCGTCGC,6,0.12
ACCATGGGATAGCAACGG,6,0.12
ACGGGAAGGTGGAGTGCG,6,0.12
ACGTTGCGACGAATCTGT,5,0.10
ACCATCGATCGCGGGGAG,5,0.10
TAAGGACGGAGTGCGACA,5,0.10
AATGTCACTCTACACTGT,5,0.10
TAACACGGAGATGGCAAG,5,0.10
AGTCGAGATAGTGGAGTG,5,0.10
GGTAGGGTGACAGCGTGA,5,0.10
GAGACGTGACAAGCTCTG,5,0.10
TGGGAACCTCTGCCGCTC,5,0.10
ACTAAGCGCTCTACCGAT,5,0.10
ACACATTCGTCGCTCGGC,5,0.10
TCAGCAACGTGGGCCATA,5,0.10
TCCCTGGATAGAGTGGTT,5,0.10
GGGGACCATGCCATAGAA,5,0.10
GTACCGGACCGCGAATCG,5,0.10
CGGGACCCGGTGAGACGG,5,0.10
TGGGAGAGGAGACAGCAA,5,0.10
GGGAGTGGCCTGAGTCTG,5,0.10
ATGGTCAAGGTACAGTCT,5,0.10
GGATCTGTGATCATTGTG,5,0.10
ACGGTATTCCACTCGGCG,5,0.10
TGTCGCCGCGAGCATATT,5,0.10
TATACGCTCGAGTGGAAT,5,0.10
GGAGTAACTGGATCGACT,5,0.10
ACAAAGTCGTGATAGGTA,5,0.10
ACTGGCGTTTATCGTGTA,5,0.10
GGGATCCCATTGAGTAGT,5,0.10
GCCTGCAGACGTATGTTT,5,0.10
GGGATAGGGGATCACTCA,5,0.10
ACGGCGCGTAGAGTGACT,5,0.10
GACGATGGGAAGAACACG,5,0.10
GTGGGATAGAGACGCGTA,5,0.10
GAGGCGAGAGGCACGGTA,5,0.10
GGCGGAGGCGGAGAATGT,5,0.10
CGCGGGATGGAGGCGGCG,5,0.10
AAGCAGATCCGCCGCGCA,5,0.10
CGATCTAGTAGAGGGGAG,5,0.10
CTCGAACGAGGAGAGTTG,5,0.10
AGGGTTAGGGAACGGAGT,5,0.10
AAGCGGGACCAATGCGAG,5,0.10
AGGCTGCAGAGGCCGCGG,5,0.10
GGAGGCATAGCAAGGAGC,5,0.10
AGGTGGATATCCTGTCTG,5,0.10
AGGCAGACATGGTAAGCT,5,0.10
CTCCAGGTCATCCATGTG,5,0.10
GAGGCATAGAACGGATGG,5,0.10
TCCCTAGAAGGCGGCATA,5,0.10
GGGCGTTAGCGTGCATTG,5,0.10
GGGAACGAGTTCGGTTTA,5,0.10
GCTACGTTACCGAGCGTG,5,0.10
TATAGCACGTCGGACTGA,5,0.10
GCAGTGTCCCGAGAGGCG,5,0.10
GGAAGGGTTTCCTGGCAT,5,0.10
ATGAGCTTGCGGTTGTCA,5,0.10
AATGCAGCTTAAACGTCA,5,0.10
ATGGATCCACCGCTAGCT,5,0.10
TGGGCGGAAATGCCTACT,5,0.10
ATGCAGGAGACCTAGGCG,5,0.10
TACGGCTCTATCGTTGGG,5,0.10
GGAACAGCCATACGATTA,5,0.10
TCACCTAGTGCCACTCGT,5,0.10
GGCTATACGAATTTAGTG,5,0.10
CTCAGGGTTTCCTACCGA,5,0.10
GGGCGGAACTTGAAGGCA,5,0.10
GTGTAGCGGCAACTCCTT,5,0.10
GATGCGGCGAATTTTCAG,5,0.10
GATCTCGTTCGGCAACAA,5,0.10
GTGGAGAGCAAACAGTCA,5,0.10
AAGTGCAGGTGTAGATGG,5,0.10
GCCTAGGGTCTCTGCACT,5,0.10
AAGGCTGGTATCATAGTG,5,0.10
GCATCAGTTGTCGTGTGT,5,0.10
AGGGTTGAAGCCTGTGCT,5,0.10
AATCGGAACTCGGCGTAC,5,0.10
GGCAGCGGTGAGGAGAGC,5,0.10
GAGGGTATTCAGTCACCG,5,0.10
GCAGGAAGAGTAGGGGCG,5,0.10
GACTGTGGTCACCGGGAT,5,0.10
GGGACGGAGGACACGGTA,5,0.10
CGGAGGCGGACCGGAAAG,5,0.10
CGGCAAGTGCCGTTGTTG,5,0.10
AGGGCAAGGAGGCAGGAA,5,0.10
GGGCAGCAACGTTGGTGC,5,0.10
GGCGAGAGGTGTACACAG,5,0.10
AGGCCTCGAGACGCTTTG,5,0.10
GAACGGCAAAGGGTGCGG,5,0.10
CATAGGGAGAGGACTCTG,5,0.10
CGAGGTGCTCGGTACGTC,5,0.10
GCGACAGGCAGACTTGGA,5,0.10
AGTGGCATATCCCGGGCG,5,0.10
ACGATGTGCTTCATCCGA,5,0.10
GGCGGCGAGCATTGAGTC,5,0.10
AGACGTTGCTAGACTGCA,5,0.10
ACTGGAGCAACTGACGGT,5,0.10
GAGGTTACTGACAAATAT,5,0.10
ATAGGGGAACGAGGCGCT,5,0.10
GATCTGGGACCGGTCGGA,5,0.10
GGGGTGATCTAGCAGCGC,5,0.10
GTCCATGGTTACTCAGGT,5,0.10
AGTGGGACGCACTCGTAT,5,0.10
CGTACTGATCTGCGGGTT,5,0.10
ATGTGGTCCCTCAGACGT,5,0.10
ATAGCGGCTAACAATGCT,5,0.10
GGTGGGATAAGGACGAGC,5,0.10
GTGCAATGACGTGCTTTT,5,0.10
AGTGGTGCTCCAAAATGT,5,0.10
CATAGAGGAACAGTGTGA,5,0.10
AGGTGAGTGATGATGTAG,5,0.10
GTTGGTATTCCCTCAGCG,5,0.10
TGCTGGGCCATACTATCT,5,0.10
ATTAGGCCAGAGAGTGCG,5,0.10
ACACGTCACGGACCTGTG,5,0.10
TCGGGTGTTAGGTTAGGG,5,0.10
AGTGGTATCGTTGCATCT,5,0.10
CGGGAGGGCCTCCACCAA,5,0.10
GGGCATCGGAGAGTATGA,5,0.10
TTCCGACAGCTAACCCGG,5,0.10
ACTCGTTACCCCGTGGCT,5,0.10
AATCGGAAACGGTTGGAT,5,0.10
ACAGGGTGATAAGATAGT,5,0.10
GGCATATTCGCTCACCGG,5,0.10
CGCAGGATGGCGTGTTCG,5,0.10
ACCGTCGGGTATCAGATC,5,0.10
GGGACGTCAGTTGGGCAG,5,0.10
AAGGCGTGCCGCATCGTG,5,0.10
GACTGTGCGTGACGTAGG,5,0.10
GTACGTGGGACCTCGTTC,5,0.10
TAAAGCCGGTTCTTGATG,5,0.10
GCGGCCGGCATCGCTTGT,5,0.10
AGGTCTGGTACAAAGGTG,5,0.10
TGGTCGTCGAATCGCTAG,5,0.10
GAATGGTAGATGCGGGCT,5,0.10
ATGGGCGTATTCTGCTCA,5,0.10
GGGCCCCGGTTTCTCCAA,5,0.10
TGGTGCTGCCCGCTAGCT,5,0.10
AGTGGTGTGAGTGCCTCT,5,0.10
AGTGGTGTCCAAAGTGGG,5,0.10
AGGGTAAATACAACAAGA,5,0.10
GGACCAGAGGTTGCCGTG,5,0.10
AATGGGCTATAGGGCGAT,5,0.10
ATAGCAATACGGAGAGCA,5,0.10
GCAGCTAGTGGTGAAGTG,5,0.10
GTTAGATCTGGGTTGCCA,5,0.10
GCATGAAGCGGTGCGATG,5,0.10
GCAGTCGCGCTTAGGCAG,5,0.10
ATGGGAAACGACGTAACG,5,0.10
ATGGCTCGTATAAGTTCA,5,0.10
TGCTTCGTCCTAATGAAA,5,0.10
GCAGGGCTGGAAGGAGAG,5,0.10
ACGCGGACTAGGGTCAGG,5,0.10
GGTAGTAAGGACGTTATG,5,0.10
GCCGTTGGGGCGGGCTAT,5,0.10
GTGCATCATGTAGCGTGG,5,0.10
GTGCAGGAGGTTATGCGG,5,0.10
ATGGCCGAATAGGTGGCG,5,0.10
GGGCTGAGCGTGGTTAGA,5,0.10
TACCACACGCCGCTTGCT,5,0.10
AGCACGCTGAGTTTTGAG,5,0.10
TGGTACGTCAAGCTGAAG,5,0.10
GTGGTAAGCAGCCTAGGC,5,0.10
TACCAGCAATCTATGTCG,5,0.10
GCGGCTAATTTACGTTTG,5,0.10
GCACTGGGGTAATGCTCC,5,0.10
GTGAGGAAGTGATATTTG,5,0.10
AATGGTCGTATATCGAGC,5,0.10
ACACCCGTTACGTGCTCT,5,0.10
ACGGGTTTACCTGGTGTG,5,0.10
GGCAGTATCGGCACAGGT,5,0.10
GACCCACAACGCGCTCCT,5,0.10
AATGCATCTCAGACTGTT,5,0.10
GTGGCACATAACTGCGTG,5,0.10
GTGCGCAAGAAGTTCCTT,5,0.10
TGCAGTCGCTGGTTGTGC,5,0.10
GTGGAGTTAGTACGCGCT,5,0.10
TGGGGCAACACGAGATGG,5,0.10
GGGACGGTAGTCAATGAG,5,0.10
ATGCAGACCGCGTATGTG,5,0.10
GTACGCTCGATCCAGATT,5,0.10
GTAGCGCGCGCCGGAAAT,5,0.10
GGCAAATTGGTATGTGCT,5,0.10
ACAAGGGGAGTTAGCGGG,5,0.10
GTTCATGCCTAGTGAATG,5,0.10
GGGGCATTGAGCAAGCAG,5,0.10
GGTCGACTGAAGGCCTTG,5,0.10
ACTGGACGTGTGACCAAT,5,0.10
AGTGATACCCAGGGAGTT,5,0.10
AATGGACTCCAAATCGGC,5,0.10
AAATACGAATGCCTAGCT,5,0.10
GCCAACGTTACGGTGGAG,5,0.10
GAGGGGTGTGAGGCCAAA,5,0.10
CTATAGCTAACGGATGGG,5,0.10
GGGACCCCGGTCACATGA,5,0.10
TAACGTGTTAACATGATG,5,0.10
GGGCCCGGGTTAGGTTAT,5,0.10
GCAGGTACTGTCCGGTGT,5,0.10
GATGCGGACGAGGGTCAC,5,0.10
TACAACGCAGACGGCATC,5,0.10
GCTGGACCACAGATCGTT,5,0.10
GTGGGGACCGCACGAGCA,5,0.10
TAAAGGCGGCGCCAAATG,5,0.10
ACACTGGCATTCGTGAGC,5,0.10
ACCGGGTTTAACGCAGCT,5,0.10
GACATGTAGCCGCGCTGA,5,0.10
ACGCTGCGTCCGGTTCCA,5,0.10
TGTTGTCTGGTCCCGGAG,5,0.10
ATGGTGCTATCCTACTTA,5,0.10
TATGTCCCCTTCCTGAAT,5,0.10
GGGGACAGGGAAGAAGGG,5,0.10
GGTCATCGCACCTGTGGT,5,0.10
GGGCAGGAGGAACGTGCA,5,0.10
ATACGCGCCGGGAAGCAT,5,0.10
ACCTTCTTGGATCAGGGT,5,0.10
CCTCCGACACGACGTGCG,5,0.10
ACGGGCGCAGAACATTGG,5,0.10
ACCCACGTCAGGGGATGG,5,0.10
CAGCCGGGAGCGCTCTTT,5,0.10
GAGAGGAGAGTCGGCGCG,5,0.10
GGGGGATGCAAGACACCG,5,0.10
TCTCCAGTAGCTAGGTCG,5,0.10
TGTGGGGAGACGGGTCCG,5,0.10
TGGCGGTAGGATGCGTAC,5,0.10
TCCCGGGACGAAGAGGTT,5,0.10
ACAGTGGGACGATACCGG,5,0.10
GAGAAGGCCAACGCAGGT,5,0.10
ACAGGGGAGCATCTAGTT,5,0.10
TCAGGTGATACAGCCGGT,5,0.10
CAGCCCGGATGTGCGACG,5,0.10
TTGGACGATATAGGCGTG,5,0.10
GACCCGTAATTTGAGAGG,5,0.10
ACATGTGTTAGGGTGTTG,5,0.10
AGCGCCTATGAGTTGTGC,5,0.10
GGGCATATGTTCACCGCT,5,0.10
GTGGCATGACTAGTAACT,5,0.10
ACTGTAGTCGATGCCATT,5,0.10
AATGAAGCTTTCTGTCGT,5,0.10
GCGCCAAATTGCGTGGAG,5,0.10
TGCAGCGTGTGGCATGAT,5,0.10
TGAGAACTACGTGGGTCT,5,0.10
ATAGCCTGGTACATCGGT,5,0.10
GCGGCCAAGCTGAGGGTG,5,0.10
AACCGGGAGTGTGTACAA,5,0.10
ACTGCAGGTTGGGTGAGT,5,0.10
AACGAGGCATATTGCGGG,5,0.10
AGGCGGGAACGTGGAGTC,5,0.10
GAAGACACAAACACCGAT,5,0.10
ATGCGGGATGAAGACGGG,5,0.10
TGGTACGCAGGCCTTAAG,5,0.10
AGGTTGAAGCTAAAGGTT,5,0.10
GCAGCGCTCAGGTATTAG,5,0.10
TCGAACGCCGTGTGAGTG,5,0.10
GGGAAAGGACTGTCATGG,5,0.10
GACAGTGCATAAGGCGGG,5,0.10
TACACAGCAGCCACCGAT,5,0.10
AAAGATGAAGTGTGCGTC,5,0.10
GACGTAAAGGTCCTGGCT,5,0.10
GGGCGCAAGCAGACGGTG,5,0.10
TTGGGTCCGACCACCAGG,5,0.10
AAGGTATCGGGCGTAGAT,5,0.10
TGCATACGAGCAGCTCCT,5,0.10
AAGCGGATGCGGCTACAG,5,0.10
AGCACAAGTGGCACGGCG,5,0.10
ACGCCACACCACGCCTTA,5,0.10
ACACTATTCGGGTAAGTG,5,0.10
TTGGCGACGGATGCACTT,5,0.10
AAAAGTGCGCCAGTGTAG,5,0.10
AATCCCGAACAAGTGGCT,5,0.10
AAGGGTCGCATGCGTAAG,5,0.10
AGCAGCATAATGACGGTG,5,0.10
TGAGTAAAGCAGTTCCGA,5,0.10
GACCCGTCATATGTAGCA,5,0.10
ACTCCGATAGTGTGTCCT,5,0.10
TATGACTGGCCCATTCCT,5,0.10
AGTGCGGAGAGTTACGTG,5,0.10
AAGCAGGTCCCCGGCGTA,5,0.10
GGAACCAGGGTTGCTTTG,5,0.10
AGTCAGAGCAACGGGCCA,5,0.10
TGTTGGTGGTAGGATCGA,5,0.10
CGGATCACGGTGTTCTGG,5,0.10
GGCGTCCACGAAGACTTG,5,0.10
AACCCAAGGGAATGACGG,5,0.10
GCAGAGGGGGACTGCACC,5,0.10
CATACGGCACAGACGGCA,5,0.10
TAGGACCCAGTCGGAGAG,5,0.10
AACGGCAGACCGATCGTG,5,0.10
GGGCAGGACATTGGTGGC,5,0.10
AAGGTCGTACCATCGGAT,5,0.10
ACACGGAGGATGCGGATA,5,0.10
ATGGGTCGAGCTGAGGTC,5,0.10
GGGATGAGGTTGTAGAGC,5,0.10
GCTACATAGTAGGAGGCT,5,0.10
CGGTACGGGATACAACGT,5,0.10
GCTGCGACCCCGTGCGGA,5,0.10
GGGGATTGTAAAAGTGTC,5,0.10
GAGGGCGAGTACGAGTGG,5,0.10
GGAGAAGGTGTATACGGT,5,0.10
ATGCTAGTGATACGGCGT,5,0.10
ACGGTTCGTACTAGCGTG,5,0.10
CGAGGCGGAGGGACGTAC,5,0.10
AGTGCTTGGGGCATAATA,5,0.10
TGAGTATTGACTGTGTCG,5,0.10
ATGGTATAGTAGAGGTGT,5,0.10
CTAGATGAGGGGTCACCG,5,0.10
AAGGAGATGGGCACGGCA,5,0.10
CGCCAGTGAGCATGGTCG,5,0.10
CAGGCGTCAACAGATGTG,5,0.10
AAACGGCATCGATCGTCA,5,0.10
ATAGTGAGTAAAGAGGTG,5,0.10
GGATATTAGGACGCAATG,5,0.10
GAGATGCAAATTGGGCGT,5,0.10
GGGCATGGAATCAATGCG,5,0.10
AACTAGGTAGGCACACTG,5,0.10
GAAGGGAATCACCTGGGA,5,0.10
GATATTGTCTGCGGATTG,5,0.10
GAGGCGTATTTGACTCGT,5,0.10
TGCCCAAACTCATTCCGC,5,0.10
GCAACATTGATCCTGGCT,5,0.10
ACGTACGTGTATTTCTAG,5,0.10
AGCCCTACGACCTGTGCG,5,0.10
GCTGAGCGGCCGTGGCCT,5,0.10
TCGGTAGGAGTAGGTACG,5,0.10
TGGAGTGAGACGCGCGCC,5,0.10
AAGGATCCAATCATCTCG,5,0.10
GAGGGCGTCCCTCTCACA,5,0.10
ACGGGCCTTGGGGACCCA,5,0.10
GCCGACCCGTGGGCCAGA,5,0.10
GAGCAGAGAGGGCCCACG,5,0.10
TCCCAGCGGGTAGACTTG,5,0.10
TGAACCGTGTTATCTCTT,5,0.10
TATGTCGCTTGGGCCAAT,5,0.10
AACGGAACTCAGGTGAGG,5,0.10
AAGTGGGTCAGACCTCAA,5,0.10
GGCACGGGATAGCCACAG,5,0.10
AGGAACTGATCCCGCTAT,5,0.10
GCAAGGGCCACACGTCGA,5,0.10
ATGAGTACGACGGCATTA,5,0.10
AAGCGGGCAACGGTCTGA,5,0.10
AGGGAGTGAACTCGGCTC,5,0.10
TCCAAGCTCAGTATGTGG,5,0.10
AGCGGTCCACGGCAGCTG,5,0.10
CTGCCAGGTCAGGGCATA,5,0.10
GGGGCGGTAGGAGTAGGA,5,0.10
TCCCATGTCGCTTTCGAT,5,0.10
AATATCCAACGTGATGTG,5,0.10
AGCGCACTGGGCACGCAT,5,0.10
AGGGACATTTAGTGTGAT,5,0.10
ACACGGAGTTACGCAGGT,5,0.10
ATGGGAAGGAGAGGGTAG,5,0.10
AGGAATCTCGCATGTACG,5,0.10
TGGTAGAGGAACGTGGAG,5,0.10
AACCCGTGCACTCCACCT,5,0.10
ATATGGCGATGTTGAGCG,5,0.10
TCTTTCAGCGTTACGTTG,5,0.10
AGCGGAGTAAAGGCGTGC,5,0.10
AAGGATGCAGCGGTCGAC,5,0.10
AATGTCTGGTACGGAAAG,5,0.10
TGGAGGGGCGTGGAGGAA,5,0.10
GGAGCAGAGGGTATATGT,5,0.10
TGGGGGCTGCCGATCATT,5,0.10
ACCAAGGTCGACGAGGTG,5,0.10
ATGCATATACAGACTATG,5,0.10
GCGGGATAGTGCTGCTCG,5,0.10
CGACGGGGAACTCGTCTG,5,0.10
GCACTATCGAGGGATGCG,5,0.10
GAGCCTAACTACGCGAGG,5,0.10
ACCTAGAGTGTGGTCCAT,5,0.10
ATGACGTAGTATGGGTTT,5,0.10
TAGAAGTAGGCAGTCGTT,5,0.10
TGGCGTCCCAGCCGCATG,5,0.10
CTGACAAGGTCTGCGGAG,5,0.10
ATGCCGCGGGCGAAGGTG,5,0.10
GTTCGGCCAGCAGTCGTG,5,0.10
CACGCAGGGACGGCGAGG,5,0.10
ACTAATGGTACTCGAATT,5,0.10
GGGGATGTACTAGCTGGG,5,0.10
AATGGTTATAGCGAGCGT,5,0.10
ACTACTCGACGGCCACTC,5,0.10
AGGGCAGAGGCGGCCGGA,5,0.10
GCTCCAAGCAGGAGTATG,5,0.10
GGGCTCGAATGGAGTCGT,5,0.10
TTGCAGAGAAGGCACCGT,5,0.10
GAGCAGATGACGAACATA,5,0.10
CTAGTGGTGACAACGTGG,5,0.10
GCGGGGAGCCCTTCGTGT,5,0.10
ACACGGTCTTGCTGTATG,5,0.10
CTGGGACGGTCGATTGAG,5,0.10
TTGCAACGTTAGACTGGC,5,0.10
ACGCAGCGAAGGGCATGT,5,0.10
GGGGTAAGGACGTCGAGG,5,0.10
GTGGGGCCAACTTACCTA,5,0.10
CACATGGTAGACCGTGCA,5,0.10
GCTCCCCGGTAGCATGAG,5,0.10
TTGGGGCAGCAGCACACG,5,0.10
TACACACTAGTTTCGGTG,5,0.10
TGGTTAGCCTAACACGTG,5,0.10
ACAGGACGTAGGCTTGGA,5,0.10
TGCGGCCCTGGCTCCGTG,5,0.10
ACGCCTAATGTGGGTAGG,5,0.10
GTAGCGGAGAACACGAGC,5,0.10
ATGAAGGCTGCGTATATA,5,0.10
GCATCAGGGCGCAGGTAT,5,0.10
GAGGTGTGGACCGGACTG,5,0.10
AGCAGGCGGTAGGTGAGG,5,0.10
TGCTGTTGGAAGCGGCTT,5,0.10
GCAAGCAGAACCCTCCGG,5,0.10
CCTCAGGGGTCTCACGGT,5,0.10
ACCGCTGGAGTGGGATCG,5,0.10
TTTAGTGATCACGAAGGA,5,0.10
ATGGTGGGTCTACAGTGT,5,0.10
GATACATCGGCAAAGTGT,5,0.10
GGAGTACACCAGAGCAGG,5,0.10
GAGGGGATGAAGCCTTAT,5,0.10
ATGACACTAGCCATGGTA,5,0.10
TCGAACATAGCAACGGTG,5,0.10
GCAATGTGCTTACGTTTG,5,0.10
TATGGACTCGGACCTCCT,5,0.10
AGTATGGTGGACCTCAGT,5,0.10
TCGCGACCGCTCCTATGT,5,0.10
AACACGGCCTTAGTGCGA,5,0.10
AATAGGTCCAAGCAAAAG,5,0.10
AAGGTCCATGCGCCGGTG,5,0.10
CGGCATCCGTATACCCGT,5,0.10
CTGGGATTATCACGCTTG,5,0.10
ATCGCGAAGGTGGTGTGT,5,0.10
AAGCAGGAGGCCTTCCCG,5,0.10
TATGGAGTGGAATACAAG,5,0.10
TTCCAGACGTACGCCTAT,5,0.10
ACAGGAGGCACTTGACCA,5,0.10
CGGGGTAGCGCTGGTTGC,5,0.10
GTAGCCGCCCAACTGCAT,5,0.10
AGGGAGGACTAGACGCGG,5,0.10
AGGCCCACTGGAGCAGTG,5,0.10
ACAGCACGGACGGGTACT,5,0.10
GAGCCATGGGCGCAGAGC,5,0.10
AGTGGAGCCGGATGTGTG,5,0.10
TGAGCAGTGGCTGCCGGT,5,0.10
CAAGCGGGAGACACCGGG,5,0.10
TGTCAGTTGGAGCTACTG,5,0.10
GGGAGCAATGACTGGTGT,5,0.10
CGGTGGCGGAAGAGATGG,5,0.10
AATCACGTAGGTCGCTCA,5,0.10
AACAGGTACATCAGGCGG,5,0.10
AGCGGTCCATTAGTTGCT,5,0.10
TTGGTTATAGTGGACATA,5,0.10
TCGGGTGAGGAAAGCCGA,5,0.10
AGGAGGAGCATGAGCGGG,5,0.10
GGCAACACGGACAACGAT,5,0.10
GCCGATGCTCCGGTCGCT,5,0.10
GGTTCGATGACCATAAGT,5,0.10
CACTCCGGGTGCGCTCCG,5,0.10
ATCACAGGTCCGCTAGTG,5,0.10
AAGGACGTCATACTTGGT,5,0.10
CAGGGTTGCTACACGAGT,5,0.10
GACTCACGCTGGGTTGTA,5,0.10
AATGATAGGGCGCATCGG,5,0.10
CAAGCATTTTAACGGCGT,5,0.10
AGTGCTATAGTGTTGATG,5,0.10
TCCCGACGCGAATTGGTG,5,0.10
GTGTAACGACCGAGGGCT,5,0.10
AGCTCCGATCGCTTCAGT,5,0.10
GGAGCACCCAGCACGTCG,5,0.10
TATAGGAGAGATGTTAGT,5,0.10
GAGACGTGTGCCCCTTTA,5,0.10
TCGGGTAGCACACGGAGA,5,0.10
ATAGAATGGCAGAAGTTT,5,0.10
CACAGGGACTCGAGGTTG,5,0.10
AAGAAGCGCCGTATGTGG,5,0.10
GCTATGTGGTACAGTGCA,5,0.10
GGCATGTCAACCCGGATG,5,0.10
AGCCGGTCCTGGTGCTTA,5,0.10
GGGCCAAAGAGGAGCGGT,5,0.10
GGGTAACCCGTCATGCGG,5,0.10
ATGAGGGTGACATGTTAT,5,0.10
GCGGTATTGGGCTATTGT,5,0.10
ACTCGAACACAATCGGGA,5,0.10
CGTTGAGGTGGATACCTG,5,0.10
ATGAGGATGTCCCAAGCA,5,0.10
GGTAGGATAGATGGCAAG,5,0.10
ATTCGAATAATTTCCGCT,5,0.10
AGGGCGTGGAGAGAGGCA,5,0.10
ACGCGTCACACCAACGTG,5,0.10
ATCCTAGGCGGGTGCGGG,5,0.10
AGTGCGAGACGACGGAGC,5,0.10
AGTAGTGGATAGCACCTG,5,0.10
AGGGCACGGTTCGACAGG,5,0.10
GTGGTATTGTGAAGCCTC,5,0.10
GGGGAAGCATTCCGTCGA,5,0.10
TCTTCATAACTAGGGTCG,5,0.10
GCAGGGATCGAGTAGCAG,5,0.10
TATTCACGCTCGATGTTT,5,0.10
TAACACGGGACATGGCGA,5,0.10
CGGGTGACAATTGTTAGG,5,0.10
ACAACACGGGATACATAG,5,0.10
AGGGAATGAATGAAGCTG,5,0.10
GTCCCGAGCTTAAGCATG,5,0.10
ATCGAGGCGGTACGCGGT,5,0.10
TGGGTGCCGCATTACATC,5,0.10
GATCCAGATCCGCAACAT,5,0.10
TAATGGTCCAGTCACAAG,5,0.10
TGCGGGATATCAGACGTG,5,0.10
TACATGGGCATAAGTCTA,5,0.10
GGTGGACTCGACTCCGCT,5,0.10
GGCGGCGAGACGCAGCTT,5,0.10
ATGGTAAGTGTGTGGGAG,5,0.10
TGGGTCCATACGCGAGTC,5,0.10
TGGGGCATTCACGTAACC,5,0.10
ACGTCGGTTTGACCATTG,5,0.10
TGCCGGGAATTGAAGCCG,5,0.10
AAGTTGCTCCTCCTATGT,5,0.10
GCGGTGACCTTGGCAGTT,5,0.10
AGGTTGTGTCGAGCGGGT,5,0.10
AGTGGACTCGACCAGCAG,5,0.10
ACCTTCAGGCTGGATGGT,5,0.10
AGGGGAAATGGGAGTGTA,5,0.10
AACGATAGGGAATGTTAT,5,0.10