Sequence,Rank,Reads,RPM,Trimed
CCCCCCCCCCCCCCCCCCCCCCCCCCCCCC,66884,9,0.2,CCCCCCCCCCCCCCCCCC
CCCCCCGGCTGTCCGATCCCACGGCCCCCC,122427,4,0.09,GGCTGTCCGATCCCACGG
CCCCCCGGGTATCATTTGTGGTCTCCCCCC,122427,4,0.09,GGGTATCATTTGTGGTCT
CCCCCCAGTACGTGTACTCTATTTCCCCCC,122427,4,0.09,AGTACGTGTACTCTATTT
CCCCCCGCACCGACCTTATGGAGGCCCCCC,122427,4,0.09,GCACCGACCTTATGGAGG
CCCCCCGGGCTGCTTCCGATTCCTCCCCCC,122427,4,0.09,GGGCTGCTTCCGATTCCT
CCCCCCTTATGGCTCATCGTGGATCCCCCC,122427,4,0.09,TTATGGCTCATCGTGGAT
CCCCCCGTGGGCGAATGTATTCTACCCCCC,122427,4,0.09,GTGGGCGAATGTATTCTA
CCCCCCTTTCGGTGTCTGACGTGCCCCCCC,122427,4,0.09,TTTCGGTGTCTGACGTGC
CCCCCCAAGCAGGGGAGAGAGCGACCCCCC,122427,4,0.09,AAGCAGGGGAGAGAGCGA
CCCCCCTGTGGCACGTGCCGTGATCCCCCC,122427,4,0.09,TGTGGCACGTGCCGTGAT
CCCCCCGGGGGCCTTGAACGCTGCCCCCCC,122427,4,0.09,GGGGGCCTTGAACGCTGC
CCCCCCTTGGAAGTTCTCGTGGATCCCCCC,122427,4,0.09,TTGGAAGTTCTCGTGGAT
CCCCCCGCAGAACACGTTCAGGCTCCCCCC,122427,4,0.09,GCAGAACACGTTCAGGCT
CCCCCCTAGGAAGGAGGGTTACCGCCCCCC,122427,4,0.09,TAGGAAGGAGGGTTACCG
CCCCCCGACATCAGTACGGGGCTGCCCCCC,122427,4,0.09,GACATCAGTACGGGGCTG
CCCCCCTCAGACAGCGCGTTGGATCCCCCC,122427,4,0.09,TCAGACAGCGCGTTGGAT
CCCCCCCGGTACTGTGCTTTCGATCCCCCC,122427,4,0.09,CGGTACTGTGCTTTCGAT
CCCCCCGATTGAGCCTTACGTGAGCCCCCC,122427,4,0.09,GATTGAGCCTTACGTGAG
CCCCCCCTAATCACCGCTCGTACGCCCCCC,122427,4,0.09,CTAATCACCGCTCGTACG
CCCCCCATCATTTTGGTGTGTCTTCCCCCC,122427,4,0.09,ATCATTTTGGTGTGTCTT
CCCCCCAAGGGCGGAACTGGGCATCCCCCC,122427,4,0.09,AAGGGCGGAACTGGGCAT
CCCCCCGGCGTGACCAGGATTGTGCCCCCC,122427,4,0.09,GGCGTGACCAGGATTGTG
CCCCCCACAATGTTACAGCCGTGTCCCCCC,122427,4,0.09,ACAATGTTACAGCCGTGT
CCCCCCACTGTGTGAGTGCTATTTCCCCCC,122427,4,0.09,ACTGTGTGAGTGCTATTT
CCCCCCGGGGAGCGTTCACGACTTCCCCCC,122427,4,0.09,GGGGAGCGTTCACGACTT
CCCCCCTCGCCAGACCGTGTGTATCCCCCC,122427,4,0.09,TCGCCAGACCGTGTGTAT
CCCCCCGGGGAGGCATGTAAAGTTCCCCCC,122427,4,0.09,GGGGAGGCATGTAAAGTT
CCCCCCAGGCAGGGAGGCGAGGGACCCCCC,122427,4,0.09,AGGCAGGGAGGCGAGGGA
CCCCCCTCTAACGTGGGTGAGTTACCCCCC,122427,4,0.09,TCTAACGTGGGTGAGTTA
CCCCCCTGCGGGCATAATGGGTCGCCCCCC,122427,4,0.09,TGCGGGCATAATGGGTCG
CCCCCCACGGTGTGCAAAACAGAGCCCCCC,122427,4,0.09,ACGGTGTGCAAAACAGAG
CCCCCCTCCGGAAGAGGCGTTTGGCCCCCC,122427,4,0.09,TCCGGAAGAGGCGTTTGG
CCCCCCCGTCGTCGCGGTCATTTGCCCCCC,122427,4,0.09,CGTCGTCGCGGTCATTTG
CCCCCCGGCGTGCATGCTGGTGCTCCCCCC,122427,4,0.09,GGCGTGCATGCTGGTGCT
CCCCCCTTTAGCGTCAGGGTAGTACCCCCC,122427,4,0.09,TTTAGCGTCAGGGTAGTA
CCCCCCTTCCACCTTGGGTCGAGGCCCCCC,122427,4,0.09,TTCCACCTTGGGTCGAGG
CCCCCCAAGCAATGATCCGGGGCACCCCCC,122427,4,0.09,AAGCAATGATCCGGGGCA
CCCCCCGCAGGGAGGATTTATGTCCCCCCC,122427,4,0.09,GCAGGGAGGATTTATGTC
CCCCCCGTGGTCAGAACGTCATACCCCCCC,122427,4,0.09,GTGGTCAGAACGTCATAC
CCCCCCAGGATCTCGATTAGTATTCCCCCC,154031,3,0.07,AGGATCTCGATTAGTATT
CCCCCCTTCGGGATGTACAGCCAGCCCCCC,154031,3,0.07,TTCGGGATGTACAGCCAG
CCCCCCCTAAAAGCATCGTGGAGACCCCCC,154031,3,0.07,CTAAAAGCATCGTGGAGA
CCCCCCGGCTCGGTTAGGACAACACCCCCC,154031,3,0.07,GGCTCGGTTAGGACAACA
CCCCCCTAGAGCGGGTCTTTTGAGCCCCCC,154031,3,0.07,TAGAGCGGGTCTTTTGAG
CCCCCCAAACGTGGTCAGATAAACCCCCCC,154031,3,0.07,AAACGTGGTCAGATAAAC
CCCCCCTGGAACGCGTGTCCTCTCCCCCCC,154031,3,0.07,TGGAACGCGTGTCCTCTC
CCCCCCAGTGGTATAAGTATCGGACCCCCC,154031,3,0.07,AGTGGTATAAGTATCGGA
CCCCCCCGTAATGCGGTGTGGTCTCCCCCC,154031,3,0.07,CGTAATGCGGTGTGGTCT
CCCCCCATGGAGTGTATCGGGTGGCCCCCC,154031,3,0.07,ATGGAGTGTATCGGGTGG
CCCCCCAATGGGAAGATCTCCTGGCCCCCC,154031,3,0.07,AATGGGAAGATCTCCTGG
CCCCCCAAACGGTCTAATGTCACTCCCCCC,154031,3,0.07,AAACGGTCTAATGTCACT
CCCCCCAGTTCGTGTGCCTATTTTCCCCCC,154031,3,0.07,AGTTCGTGTGCCTATTTT
CCCCCCAATTGTGATGGAGGGCGTCCCCCC,154031,3,0.07,AATTGTGATGGAGGGCGT
CCCCCCTGTGGTGACCTAGGAATGCCCCCC,154031,3,0.07,TGTGGTGACCTAGGAATG
CCCCCCGCATGGGTTACCAGACGTCCCCCC,154031,3,0.07,GCATGGGTTACCAGACGT
CCCCCCGTCAGACGGTGCAATCATCCCCCC,154031,3,0.07,GTCAGACGGTGCAATCAT
CCCCCCTCGTTAGCCTTCCGTGTGCCCCCC,154031,3,0.07,TCGTTAGCCTTCCGTGTG
CCCCCCTAAGGGTAGTACGATGTGCCCCCC,154031,3,0.07,TAAGGGTAGTACGATGTG
CCCCCCTCTGATGCGGGTGTGCGCCCCCCC,154031,3,0.07,TCTGATGCGGGTGTGCGC
CCCCCCATCGAGTGTATTTGTGCTCCCCCC,154031,3,0.07,ATCGAGTGTATTTGTGCT
CCCCCCGTTATTCGCTTCGTTGGGCCCCCC,154031,3,0.07,GTTATTCGCTTCGTTGGG
CCCCCCAACTATGAGGGGACTTAACCCCCC,154031,3,0.07,AACTATGAGGGGACTTAA
CCCCCCGTCCTGATCTCGTGTAGGCCCCCC,154031,3,0.07,GTCCTGATCTCGTGTAGG
CCCCCCCGTGGGCTTGTAACGTGACCCCCC,154031,3,0.07,CGTGGGCTTGTAACGTGA
CCCCCCACCCAGGTTGCGGGACTACCCCCC,154031,3,0.07,ACCCAGGTTGCGGGACTA
CCCCCCTCCGATCATAGGGAGCTTCCCCCC,154031,3,0.07,TCCGATCATAGGGAGCTT
CCCCCCTGGCGGACAATTACGGGTCCCCCC,154031,3,0.07,TGGCGGACAATTACGGGT
CCCCCCACGCTCGATTAGGGCCTACCCCCC,154031,3,0.07,ACGCTCGATTAGGGCCTA
CCCCCCTGCACATGAACTCGGTGTCCCCCC,154031,3,0.07,TGCACATGAACTCGGTGT
CCCCCCTACGTTCACAGACGGTCTCCCCCC,154031,3,0.07,TACGTTCACAGACGGTCT
CCCCCCGCGGGTTGGGTTTTCCTACCCCCC,154031,3,0.07,GCGGGTTGGGTTTTCCTA
CCCCCCAGCTCTAATATGATCGGTCCCCCC,154031,3,0.07,AGCTCTAATATGATCGGT
CCCCCCATCAGTTCAGCCCTTTCTCCCCCC,154031,3,0.07,ATCAGTTCAGCCCTTTCT
CCCCCCGTAGTGGCTACAGAGTGGCCCCCC,154031,3,0.07,GTAGTGGCTACAGAGTGG
CCCCCCTTAGGGGAGAATGCTCCTCCCCCC,154031,3,0.07,TTAGGGGAGAATGCTCCT
CCCCCCGGGTGGGAGGTGACCCCGCCCCCC,154031,3,0.07,GGGTGGGAGGTGACCCCG
CCCCCCACAAATGGCGGCGGCGAACCCCCC,154031,3,0.07,ACAAATGGCGGCGGCGAA
CCCCCCCGGGGATCTTCACTGCTTCCCCCC,154031,3,0.07,CGGGGATCTTCACTGCTT
CCCCCCATGGCGGATAATACAGGGCCCCCC,154031,3,0.07,ATGGCGGATAATACAGGG
CCCCCCTCTGGGACGATCGTATGCCCCCCC,154031,3,0.07,TCTGGGACGATCGTATGC
CCCCCCACTGGAGGAACGTGTCAGCCCCCC,154031,3,0.07,ACTGGAGGAACGTGTCAG
CCCCCCTCGCGTCTTAGAGGGTGTCCCCCC,154031,3,0.07,TCGCGTCTTAGAGGGTGT
CCCCCCAACGAGGGGAGTTGTGTTCCCCCC,154031,3,0.07,AACGAGGGGAGTTGTGTT
CCCCCCCGGTCAGCCGCTCTGGGTCCCCCC,154031,3,0.07,CGGTCAGCCGCTCTGGGT
CCCCCCACTGATGTCGCTCTCTCGCCCCCC,154031,3,0.07,ACTGATGTCGCTCTCTCG
CCCCCCGGCTACATTGTCGACGTGCCCCCC,154031,3,0.07,GGCTACATTGTCGACGTG
CCCCCCGTGGAAGGAGTGTGGAAGCCCCCC,154031,3,0.07,GTGGAAGGAGTGTGGAAG
CCCCCCTGGGATGTCTGGTGAGGTCCCCCC,154031,3,0.07,TGGGATGTCTGGTGAGGT
CCCCCCGATAGAAGTCCTGCGTGTCCCCCC,154031,3,0.07,GATAGAAGTCCTGCGTGT
CCCCCCGCCGATCGTCGGGCTCTTCCCCCC,154031,3,0.07,GCCGATCGTCGGGCTCTT
CCCCCCTTGACTAATGAAGCGGTGCCCCCC,154031,3,0.07,TTGACTAATGAAGCGGTG
CCCCCCATTGGGATACCTCGTTGGCCCCCC,154031,3,0.07,ATTGGGATACCTCGTTGG
CCCCCCTGGCGGTTCATGTCGTATCCCCCC,154031,3,0.07,TGGCGGTTCATGTCGTAT
CCCCCCATCAGGTTAGCGTGTTGCCCCCCC,154031,3,0.07,ATCAGGTTAGCGTGTTGC
CCCCCCTATGGCATTACTCGTGATCCCCCC,154031,3,0.07,TATGGCATTACTCGTGAT
CCCCCCGGGCTTGACAGGAGTGTTCCCCCC,154031,3,0.07,GGGCTTGACAGGAGTGTT
CCCCCCGGGGGAACCTTATTCACGCCCCCC,154031,3,0.07,GGGGGAACCTTATTCACG
CCCCCCGAGTCCAGTGGCCGCGGCCCCCCC,154031,3,0.07,GAGTCCAGTGGCCGCGGC
CCCCCCGTCACATCGTCGCGTGTACCCCCC,154031,3,0.07,GTCACATCGTCGCGTGTA
CCCCCCACATTGTTCGGACCGGTGCCCCCC,154031,3,0.07,ACATTGTTCGGACCGGTG
CCCCCCATGTACTCAACTTCGGTGCCCCCC,154031,3,0.07,ATGTACTCAACTTCGGTG
CCCCCCTAGGAGGCTTCATTATGTCCCCCC,154031,3,0.07,TAGGAGGCTTCATTATGT
CCCCCCGATCCAGGTTGGCGGAGTCCCCCC,154031,3,0.07,GATCCAGGTTGGCGGAGT
CCCCCCGGAGGAGGGGCCCCTTTACCCCCC,154031,3,0.07,GGAGGAGGGGCCCCTTTA
CCCCCCTGCGGGTTCATTACTAGGCCCCCC,154031,3,0.07,TGCGGGTTCATTACTAGG
CCCCCCTTATTAGGGAGTTGTACACCCCCC,154031,3,0.07,TTATTAGGGAGTTGTACA
CCCCCCGCATGGAGCCAGATCGTCCCCCCC,154031,3,0.07,GCATGGAGCCAGATCGTC
CCCCCCTAACTTGGGTGGTAAGCTCCCCCC,154031,3,0.07,TAACTTGGGTGGTAAGCT
CCCCCCGATGAGGACGGAGGCTCGCCCCCC,154031,3,0.07,GATGAGGACGGAGGCTCG
CCCCCCATTCATCGCTACGGGTATCCCCCC,154031,3,0.07,ATTCATCGCTACGGGTAT
CCCCCCATGGGTAAACTCGCAGTTCCCCCC,154031,3,0.07,ATGGGTAAACTCGCAGTT
CCCCCCAGAATGGGTATGTCGTGTCCCCCC,154031,3,0.07,AGAATGGGTATGTCGTGT
CCCCCCTAGGGTATTTGAATTCGGCCCCCC,154031,3,0.07,TAGGGTATTTGAATTCGG
CCCCCCAGGAGTGTGGCCTTATAGCCCCCC,154031,3,0.07,AGGAGTGTGGCCTTATAG
CCCCCCTGGCCTTGGGTGTTGTAACCCCCC,154031,3,0.07,TGGCCTTGGGTGTTGTAA
CCCCCCGTGTTAAGCTTTGGGCGGCCCCCC,154031,3,0.07,GTGTTAAGCTTTGGGCGG
CCCCCCTTGTTGACAGCTCGCGTACCCCCC,154031,3,0.07,TTGTTGACAGCTCGCGTA
CCCCCCTGGTCAGATGTTCGCAAGCCCCCC,154031,3,0.07,TGGTCAGATGTTCGCAAG
CCCCCCAGGGGCAATAGCAGTACTCCCCCC,154031,3,0.07,AGGGGCAATAGCAGTACT
CCCCCCTCCTGGGTCTCGTAGTTGCCCCCC,154031,3,0.07,TCCTGGGTCTCGTAGTTG
CCCCCCAGGGCGGGCATGCGCGTTCCCCCC,154031,3,0.07,AGGGCGGGCATGCGCGTT
CCCCCCGTCGGTGCTATCCGGGATCCCCCC,154031,3,0.07,GTCGGTGCTATCCGGGAT
CCCCCCTGTCGAGGTTGGAGTGTACCCCCC,154031,3,0.07,TGTCGAGGTTGGAGTGTA
CCCCCCTCATGGTGTGGTTTATGGCCCCCC,154031,3,0.07,TCATGGTGTGGTTTATGG
CCCCCCTCCGATCCCTCCAACGGCCCCCCC,154031,3,0.07,TCCGATCCCTCCAACGGC
CCCCCCGCTGATTGATCGGGATAGCCCCCC,154031,3,0.07,GCTGATTGATCGGGATAG
CCCCCCATCCTGACTCAGCCTGTGCCCCCC,154031,3,0.07,ATCCTGACTCAGCCTGTG
CCCCCCACGCAGATGGGGTCACCGCCCCCC,154031,3,0.07,ACGCAGATGGGGTCACCG
CCCCCCTCGTAGTAGGTGAGTGTACCCCCC,154031,3,0.07,TCGTAGTAGGTGAGTGTA
CCCCCCTAAGCGGCGAGGAGCGTTCCCCCC,154031,3,0.07,TAAGCGGCGAGGAGCGTT
CCCCCCATGGACAGGTGAGTGTCTCCCCCC,154031,3,0.07,ATGGACAGGTGAGTGTCT
CCCCCCGTGGTACAAGGAGGTTTGCCCCCC,154031,3,0.07,GTGGTACAAGGAGGTTTG
CCCCCCTTGTTGGTGCAACGCGTGCCCCCC,154031,3,0.07,TTGTTGGTGCAACGCGTG
CCCCCCACTGACCTCATACGTCTGCCCCCC,154031,3,0.07,ACTGACCTCATACGTCTG
CCCCCCTGTCGGTATCGCTAGTGGCCCCCC,154031,3,0.07,TGTCGGTATCGCTAGTGG
CCCCCCTGCGGTGTTCTGGATTATCCCCCC,154031,3,0.07,TGCGGTGTTCTGGATTAT
CCCCCCATGGGGAGACGCCTTCTTCCCCCC,154031,3,0.07,ATGGGGAGACGCCTTCTT
CCCCCCATCTTGGGTAGCTCTGATCCCCCC,154031,3,0.07,ATCTTGGGTAGCTCTGAT
CCCCCCGGGGCAATTACGAAACGGCCCCCC,154031,3,0.07,GGGGCAATTACGAAACGG
CCCCCCGCGACGTGTGTTGCTGTGCCCCCC,154031,3,0.07,GCGACGTGTGTTGCTGTG
CCCCCCTGTTGCGTCGTGATCACACCCCCC,154031,3,0.07,TGTTGCGTCGTGATCACA
CCCCCCGAAGATGGGTCTGACTGTCCCCCC,154031,3,0.07,GAAGATGGGTCTGACTGT
CCCCCCGCTGTCGAGGCAGAAACACCCCCC,154031,3,0.07,GCTGTCGAGGCAGAAACA
CCCCCCCAAAGGGCGCTTTCAACTCCCCCC,154031,3,0.07,CAAAGGGCGCTTTCAACT
CCCCCCACTGATGGTAAGACGGGTCCCCCC,154031,3,0.07,ACTGATGGTAAGACGGGT
CCCCCCACCTAAGTCCTGACGGTGCCCCCC,154031,3,0.07,ACCTAAGTCCTGACGGTG
CCCCCCTAGTTCAGGTGTGACTGTCCCCCC,154031,3,0.07,TAGTTCAGGTGTGACTGT
CCCCCCTTACTATCTATCGCCGTGCCCCCC,154031,3,0.07,TTACTATCTATCGCCGTG
CCCCCCTGGGTTGCGTCTGGTTCGCCCCCC,154031,3,0.07,TGGGTTGCGTCTGGTTCG
CCCCCCCTCGTTGGATCTGGTGCTCCCCCC,154031,3,0.07,CTCGTTGGATCTGGTGCT
CCCCCCTCCGGTCACCGTGAGTGGCCCCCC,154031,3,0.07,TCCGGTCACCGTGAGTGG
CCCCCCGATCCTCGGTTAGTCGCGCCCCCC,154031,3,0.07,GATCCTCGGTTAGTCGCG
CCCCCCAGCCGTGCAATGGGTAGGCCCCCC,154031,3,0.07,AGCCGTGCAATGGGTAGG
CCCCCCACTTGGCTCTGGGTCCTGCCCCCC,154031,3,0.07,ACTTGGCTCTGGGTCCTG
CCCCCCTAGGGGAGATCGGTGTTTCCCCCC,154031,3,0.07,TAGGGGAGATCGGTGTTT
CCCCCCGGGCAATCCCTTAGTGTGCCCCCC,154031,3,0.07,GGGCAATCCCTTAGTGTG
CCCCCCTGGAACTATAACCCTGTGCCCCCC,154031,3,0.07,TGGAACTATAACCCTGTG
CCCCCCAGAGGCTGGGTGCGATGACCCCCC,154031,3,0.07,AGAGGCTGGGTGCGATGA
CCCCCCAGGGGCCGCTACGCATTTCCCCCC,154031,3,0.07,AGGGGCCGCTACGCATTT
CCCCCCTTGCAGTGGAGTTAATCGCCCCCC,154031,3,0.07,TTGCAGTGGAGTTAATCG
CCCCCCGGTAGGGAATTGTGCTATCCCCCC,154031,3,0.07,GGTAGGGAATTGTGCTAT
CCCCCCAGTGAGGTATCGCTCGCTCCCCCC,154031,3,0.07,AGTGAGGTATCGCTCGCT
CCCCCCAGTGGAGAAGGCAGGCAGCCCCCC,154031,3,0.07,AGTGGAGAAGGCAGGCAG
CCCCCCTGAGCGTGCATGGTCCGTCCCCCC,154031,3,0.07,TGAGCGTGCATGGTCCGT
CCCCCCAAATGATGGTATGAGGTGCCCCCC,154031,3,0.07,AAATGATGGTATGAGGTG
CCCCCCTGAGTAGGCAAGTTGGCTCCCCCC,154031,3,0.07,TGAGTAGGCAAGTTGGCT
CCCCCCAGGATCTCCCCTGTGTGTCCCCCC,154031,3,0.07,AGGATCTCCCCTGTGTGT
CCCCCCTGACAGTTCAATGGTCGTCCCCCC,154031,3,0.07,TGACAGTTCAATGGTCGT
CCCCCCACGTGCTCTTCGAATCTGCCCCCC,154031,3,0.07,ACGTGCTCTTCGAATCTG
CCCCCCGATCCTATACATTGCTGGCCCCCC,154031,3,0.07,GATCCTATACATTGCTGG
CCCCCCATGCTGGGCCACTTTACGCCCCCC,154031,3,0.07,ATGCTGGGCCACTTTACG
CCCCCCTCGTGATGGGGACATTTCCCCCCC,154031,3,0.07,TCGTGATGGGGACATTTC
CCCCCCATAGGCCGTCTACGTGCGCCCCCC,154031,3,0.07,ATAGGCCGTCTACGTGCG
CCCCCCGAGACGTCGAGGTCCGCGCCCCCC,154031,3,0.07,GAGACGTCGAGGTCCGCG
CCCCCCGCCCAGCGGGATTGATTTCCCCCC,154031,3,0.07,GCCCAGCGGGATTGATTT
CCCCCCTCTTAAGGATGTGCAGTGCCCCCC,154031,3,0.07,TCTTAAGGATGTGCAGTG
CCCCCCAGGTCGATCCTACTTCTGCCCCCC,154031,3,0.07,AGGTCGATCCTACTTCTG
CCCCCCGGGGACTATATTTATTGGCCCCCC,154031,3,0.07,GGGGACTATATTTATTGG
CCCCCCGAGGTAGGAGTTGATGGGCCCCCC,154031,3,0.07,GAGGTAGGAGTTGATGGG
CCCCCCAGCACGGCTTATCTTCCTCCCCCC,154031,3,0.07,AGCACGGCTTATCTTCCT
CCCCCCGTTACCGTTCAGTCGTCGCCCCCC,154031,3,0.07,GTTACCGTTCAGTCGTCG
CCCCCCTGGTAGCGCAGAATGTCGCCCCCC,154031,3,0.07,TGGTAGCGCAGAATGTCG
CCCCCCTGTGAGGGTTGACCTTGGCCCCCC,154031,3,0.07,TGTGAGGGTTGACCTTGG
CCCCCCTTTGGTCGTCTTTGTAAGCCCCCC,154031,3,0.07,TTTGGTCGTCTTTGTAAG
CCCCCCATGGGGAACGGGTGTCCTCCCCCC,154031,3,0.07,ATGGGGAACGGGTGTCCT
CCCCCCTGCGGGGCTCTAACTAGTCCCCCC,154031,3,0.07,TGCGGGGCTCTAACTAGT
CCCCCCATTGAACAGTTCGGGTGGCCCCCC,154031,3,0.07,ATTGAACAGTTCGGGTGG
CCCCCCATAGGCGGGCACTTCTTTCCCCCC,154031,3,0.07,ATAGGCGGGCACTTCTTT
CCCCCCTTTCGTGGAGGCGCCATTCCCCCC,154031,3,0.07,TTTCGTGGAGGCGCCATT
CCCCCCTTTCATAATGTCGGTCATCCCCCC,154031,3,0.07,TTTCATAATGTCGGTCAT
CCCCCCTTGGCTAGTGTGGGAGTACCCCCC,154031,3,0.07,TTGGCTAGTGTGGGAGTA
CCCCCCCTATGCGTGTCTGCTCTTCCCCCC,154031,3,0.07,CTATGCGTGTCTGCTCTT
CCCCCCTTTGTTGGCGGTGATATTCCCCCC,154031,3,0.07,TTTGTTGGCGGTGATATT
CCCCCCTGGGTAAGCGACCTACCGCCCCCC,154031,3,0.07,TGGGTAAGCGACCTACCG
CCCCCCGCCTCATGCCAGTCGTGTCCCCCC,154031,3,0.07,GCCTCATGCCAGTCGTGT
CCCCCCTGAGCTTAGGGTTTAGTTCCCCCC,154031,3,0.07,TGAGCTTAGGGTTTAGTT
CCCCCCCTAGTGGGTGTTAAATGTCCCCCC,154031,3,0.07,CTAGTGGGTGTTAAATGT
CCCCCCTTGTCAGGGTAAAGTTATCCCCCC,154031,3,0.07,TTGTCAGGGTAAAGTTAT
CCCCCCACGCTATACTGGAGTTCACCCCCC,154031,3,0.07,ACGCTATACTGGAGTTCA
CCCCCCATCTACCGTATGGGGCTTCCCCCC,154031,3,0.07,ATCTACCGTATGGGGCTT
CCCCCCGGCTGGCACAACCTGGGACCCCCC,154031,3,0.07,GGCTGGCACAACCTGGGA
CCCCCCTTACAGCGTGCGGGACAGCCCCCC,154031,3,0.07,TTACAGCGTGCGGGACAG
CCCCCCTAAATGAAACACTTTGTGCCCCCC,154031,3,0.07,TAAATGAAACACTTTGTG
CCCCCCAAGTGCTCGTCGGAGAGACCCCCC,154031,3,0.07,AAGTGCTCGTCGGAGAGA
CCCCCCAGGGTGATAACCCGTGTACCCCCC,154031,3,0.07,AGGGTGATAACCCGTGTA
CCCCCCGGGTGAATGCTTTTAGCGCCCCCC,154031,3,0.07,GGGTGAATGCTTTTAGCG
CCCCCCGTTTAACTAGTCGGCAGGCCCCCC,154031,3,0.07,GTTTAACTAGTCGGCAGG
CCCCCCTGGTGCGGTAGGACTTATCCCCCC,154031,3,0.07,TGGTGCGGTAGGACTTAT
CCCCCCTCGGAGGTTTTTGGCTAACCCCCC,154031,3,0.07,TCGGAGGTTTTTGGCTAA
CCCCCCGTGTCAGGATAGGGATAGCCCCCC,154031,3,0.07,GTGTCAGGATAGGGATAG
CCCCCCTGGGTCTTGGGTGCAGTTCCCCCC,154031,3,0.07,TGGGTCTTGGGTGCAGTT
CCCCCCTGGGCAAACCGGTAAGGGCCCCCC,154031,3,0.07,TGGGCAAACCGGTAAGGG
CCCCCCTACACATCGACGAGGGGACCCCCC,154031,3,0.07,TACACATCGACGAGGGGA
CCCCCCAAATGAATCGTCGCTGGTCCCCCC,154031,3,0.07,AAATGAATCGTCGCTGGT
CCCCCCCAATGGATCTCGAGTTTGCCCCCC,154031,3,0.07,CAATGGATCTCGAGTTTG
CCCCCCGCATACATAACGTGTGCACCCCCC,154031,3,0.07,GCATACATAACGTGTGCA
CCCCCCCATGGGTCCGTTCGGTGTCCCCCC,154031,3,0.07,CATGGGTCCGTTCGGTGT
CCCCCCACTCGCTCCGGGTAGTCACCCCCC,154031,3,0.07,ACTCGCTCCGGGTAGTCA
CCCCCCTAGTGCCCTGGTCTTGCGCCCCCC,154031,3,0.07,TAGTGCCCTGGTCTTGCG
CCCCCCTGCTCTTACGATGACTCTCCCCCC,154031,3,0.07,TGCTCTTACGATGACTCT
CCCCCCCGTAACGTGGTGAGTGTACCCCCC,154031,3,0.07,CGTAACGTGGTGAGTGTA
CCCCCCGTAGCCCGGTATTGAGCTCCCCCC,154031,3,0.07,GTAGCCCGGTATTGAGCT
CCCCCCGGTTAAGTGGCCCTTCCTCCCCCC,154031,3,0.07,GGTTAAGTGGCCCTTCCT
CCCCCCACTCTTGCGTTTGGTGGTCCCCCC,154031,3,0.07,ACTCTTGCGTTTGGTGGT
CCCCCCGGCGGGAACGGTTAGGCGCCCCCC,154031,3,0.07,GGCGGGAACGGTTAGGCG
CCCCCCAAGGGTACTCGGGACCTCCCCCCC,154031,3,0.07,AAGGGTACTCGGGACCTC
CCCCCCTAGTACGGGTAATTTGGTCCCCCC,154031,3,0.07,TAGTACGGGTAATTTGGT
CCCCCCAGAATGTGGGACCACGCGCCCCCC,154031,3,0.07,AGAATGTGGGACCACGCG
CCCCCCGTTCCGGGCCTGCTTGTTCCCCCC,154031,3,0.07,GTTCCGGGCCTGCTTGTT
CCCCCCAATCGGTTGCCTATTGTGCCCCCC,154031,3,0.07,AATCGGTTGCCTATTGTG
CCCCCCGACCTCCGCTCCTTACTGCCCCCC,154031,3,0.07,GACCTCCGCTCCTTACTG
CCCCCCATGTCTCTAGCCGTAGTGCCCCCC,154031,3,0.07,ATGTCTCTAGCCGTAGTG
CCCCCCGGACCGTTGTGACGTGGCCCCCCC,154031,3,0.07,GGACCGTTGTGACGTGGC
CCCCCCTTGGGAGAGTAGCATGTACCCCCC,154031,3,0.07,TTGGGAGAGTAGCATGTA
CCCCCCTGGGCCACGCTCGGACCTCCCCCC,154031,3,0.07,TGGGCCACGCTCGGACCT
CCCCCCGATCCAGTTCTTTCGCAGCCCCCC,154031,3,0.07,GATCCAGTTCTTTCGCAG
CCCCCCACTGTAAATAGCGCGGGTCCCCCC,154031,3,0.07,ACTGTAAATAGCGCGGGT
CCCCCCTGGTGGGTAGGTCTAACCCCCCCC,154031,3,0.07,TGGTGGGTAGGTCTAACC
CCCCCCGCGCGGGAATTATCACCACCCCCC,154031,3,0.07,GCGCGGGAATTATCACCA
CCCCCCAGCAGACGCACCGGGGATCCCCCC,154031,3,0.07,AGCAGACGCACCGGGGAT
CCCCCCGTGGGAAGAGTGCCCTGGCCCCCC,154031,3,0.07,GTGGGAAGAGTGCCCTGG
CCCCCCAGATTCCGCCTTATGTGCCCCCCC,154031,3,0.07,AGATTCCGCCTTATGTGC
CCCCCCATGCCTATGGGTGCGCTACCCCCC,154031,3,0.07,ATGCCTATGGGTGCGCTA
CCCCCCCTGTGGGGATTACTTGTCCCCCCC,154031,3,0.07,CTGTGGGGATTACTTGTC
CCCCCCGGGTAATGTTAAGCTTTTCCCCCC,154031,3,0.07,GGGTAATGTTAAGCTTTT
CCCCCCGTATTGTCGGCCCGTGGACCCCCC,154031,3,0.07,GTATTGTCGGCCCGTGGA
CCCCCCTGGCGATAAACTCTGGTGCCCCCC,154031,3,0.07,TGGCGATAAACTCTGGTG
CCCCCCGTGGTCTATGTATTTAGTCCCCCC,154031,3,0.07,GTGGTCTATGTATTTAGT
CCCCCCGGGTTATTGCAGCCGTTACCCCCC,154031,3,0.07,GGGTTATTGCAGCCGTTA
CCCCCCTAGTGGGTGATGTACGTGCCCCCC,154031,3,0.07,TAGTGGGTGATGTACGTG
CCCCCCGGATGGCGCAAGAGGTCGCCCCCC,154031,3,0.07,GGATGGCGCAAGAGGTCG
CCCCCCGAGGGTGATCTCCTGACTCCCCCC,154031,3,0.07,GAGGGTGATCTCCTGACT
CCCCCCAGCCGCTGATGTAGTGCTCCCCCC,154031,3,0.07,AGCCGCTGATGTAGTGCT
CCCCCCAGCGTGCCATCCTCTCCTCCCCCC,154031,3,0.07,AGCGTGCCATCCTCTCCT
CCCCCCGAATCGACGTTGTGCGGTCCCCCC,154031,3,0.07,GAATCGACGTTGTGCGGT
CCCCCCTATGCAGATGCGGTAGGACCCCCC,154031,3,0.07,TATGCAGATGCGGTAGGA
CCCCCCATTGTATTGGGCAGGGCTCCCCCC,154031,3,0.07,ATTGTATTGGGCAGGGCT
CCCCCCTGGGAACTACGTGACGGACCCCCC,154031,3,0.07,TGGGAACTACGTGACGGA
CCCCCCTAACCACATCAACGTATGCCCCCC,154031,3,0.07,TAACCACATCAACGTATG
CCCCCCCTGGCATCAGGTGCGGTGCCCCCC,154031,3,0.07,CTGGCATCAGGTGCGGTG
CCCCCCTATGGGCTAGTCTTTGAACCCCCC,154031,3,0.07,TATGGGCTAGTCTTTGAA
CCCCCCAATGCTGTGGGTTGATGGCCCCCC,154031,3,0.07,AATGCTGTGGGTTGATGG
CCCCCCCAGTGTGTGGGTTTTGGACCCCCC,154031,3,0.07,CAGTGTGTGGGTTTTGGA
CCCCCCAATGGAAGTGGCTATCGGCCCCCC,154031,3,0.07,AATGGAAGTGGCTATCGG
CCCCCCTGTGGACGGCAAGATGCGCCCCCC,154031,3,0.07,TGTGGACGGCAAGATGCG
CCCCCCTCGGCATGTGGGTTGGTGCCCCCC,154031,3,0.07,TCGGCATGTGGGTTGGTG
CCCCCCGATCCTTATACTTGCTCGCCCCCC,154031,3,0.07,GATCCTTATACTTGCTCG
CCCCCCCCCCCCCCCCCCCCACCCCCCCCC,154031,3,0.07,CCCCCCCCCCCCCCACCC
CCCCCCGATGGGCATCTACGGGTTCCCCCC,154031,3,0.07,GATGGGCATCTACGGGTT
CCCCCCTGCAACGGGTTTAGGTGTCCCCCC,154031,3,0.07,TGCAACGGGTTTAGGTGT
CCCCCCACATGGGTTTTCTTATAGCCCCCC,154031,3,0.07,ACATGGGTTTTCTTATAG
CCCCCCGTGGAGTACTCATTTAGTCCCCCC,154031,3,0.07,GTGGAGTACTCATTTAGT
CCCCCCGTCGTTCTTTGCCTGTGTCCCCCC,154031,3,0.07,GTCGTTCTTTGCCTGTGT
CCCCCCGGGGCACCAATGCGCGCTCCCCCC,154031,3,0.07,GGGGCACCAATGCGCGCT
CCCCCCCAGGGGATTAATTCAGGGCCCCCC,154031,3,0.07,CAGGGGATTAATTCAGGG
CCCCCCGTGGTGGACCGCTGCTGACCCCCC,154031,3,0.07,GTGGTGGACCGCTGCTGA
CCCCCCTTGTAGATCGATGCGGTGCCCCCC,154031,3,0.07,TTGTAGATCGATGCGGTG
CCCCCCGATCTGTTGTGACTGTCTCCCCCC,154031,3,0.07,GATCTGTTGTGACTGTCT
CCCCCCCAGGCTGGAGGGGCTTGGCCCCCC,154031,3,0.07,CAGGCTGGAGGGGCTTGG
CCCCCCACTGGGTAGGTCGGTTATCCCCCC,154031,3,0.07,ACTGGGTAGGTCGGTTAT
CCCCCCGTAAGACATCGTTCCGCTCCCCCC,154031,3,0.07,GTAAGACATCGTTCCGCT
CCCCCCGGTGCTCATCGATCTTCACCCCCC,154031,3,0.07,GGTGCTCATCGATCTTCA
CCCCCCGATGTTCAGCCGTCATGTCCCCCC,154031,3,0.07,GATGTTCAGCCGTCATGT
CCCCCCTAGCAGGTTGTGTACTGTCCCCCC,154031,3,0.07,TAGCAGGTTGTGTACTGT
CCCCCCATCTAGGTACTCCCTGTGCCCCCC,154031,3,0.07,ATCTAGGTACTCCCTGTG
CCCCCCGGCATACGATTCTGTACACCCCCC,154031,3,0.07,GGCATACGATTCTGTACA
CCCCCCAGTTAGGTGCGATACTGGCCCCCC,154031,3,0.07,AGTTAGGTGCGATACTGG
CCCCCCAGTGCGGCGGCGATCCAACCCCCC,154031,3,0.07,AGTGCGGCGGCGATCCAA
CCCCCCAATTAGGGCGGATGTGGCCCCCCC,154031,3,0.07,AATTAGGGCGGATGTGGC
CCCCCCATTGAAAAGGCACGTCTGCCCCCC,154031,3,0.07,ATTGAAAAGGCACGTCTG
CCCCCCTGTTGCGGGCCGGTGAGTCCCCCC,154031,3,0.07,TGTTGCGGGCCGGTGAGT
CCCCCCTAGGGTTAACGTTCTGTTCCCCCC,154031,3,0.07,TAGGGTTAACGTTCTGTT
CCCCCCGGGCGGCGCCGTGTTCTGCCCCCC,154031,3,0.07,GGGCGGCGCCGTGTTCTG
CCCCCCAACGTGCTGCGACGGGTACCCCCC,154031,3,0.07,AACGTGCTGCGACGGGTA
CCCCCCAGGAGGCTGGCAACACGGCCCCCC,154031,3,0.07,AGGAGGCTGGCAACACGG
CCCCCCGGGACGTAGCACTTCCATCCCCCC,154031,3,0.07,GGGACGTAGCACTTCCAT
CCCCCCATGACTTCAGTACGTCTGCCCCCC,154031,3,0.07,ATGACTTCAGTACGTCTG
CCCCCCTGTAGCCCAGCTGTGTGACCCCCC,154031,3,0.07,TGTAGCCCAGCTGTGTGA
CCCCCCGTCAGATAGTTGGGTATGCCCCCC,154031,3,0.07,GTCAGATAGTTGGGTATG
CCCCCCTTAAGGGCGGAACATGCTCCCCCC,154031,3,0.07,TTAAGGGCGGAACATGCT
CCCCCCCACGGAAGAGGGTCATGGCCCCCC,154031,3,0.07,CACGGAAGAGGGTCATGG
CCCCCCACAGCGGAACATGTGCTCCCCCCC,154031,3,0.07,ACAGCGGAACATGTGCTC
CCCCCCTATGCATAGTACGTGATTCCCCCC,154031,3,0.07,TATGCATAGTACGTGATT
CCCCCCATTTCACTCGTGCACCTGCCCCCC,154031,3,0.07,ATTTCACTCGTGCACCTG
CCCCCCGTCGTTGAATCGGTGCAACCCCCC,154031,3,0.07,GTCGTTGAATCGGTGCAA
CCCCCCGCTGGAGTGACGCGCTGTCCCCCC,154031,3,0.07,GCTGGAGTGACGCGCTGT
CCCCCCATGGAGCTGCCACTGCGCCCCCCC,154031,3,0.07,ATGGAGCTGCCACTGCGC
CCCCCCAAAAGGTGCAACATTGTGCCCCCC,154031,3,0.07,AAAAGGTGCAACATTGTG
CCCCCCGTCATTGTCGTTTGGTCGCCCCCC,154031,3,0.07,GTCATTGTCGTTTGGTCG
CCCCCCAAGGGGTGAATCATGCTTCCCCCC,154031,3,0.07,AAGGGGTGAATCATGCTT
CCCCCCGGACCCCATTTAGGCGCTCCCCCC,154031,3,0.07,GGACCCCATTTAGGCGCT
CCCCCCGCAGACGGGTCTTGGAGGCCCCCC,154031,3,0.07,GCAGACGGGTCTTGGAGG
CCCCCCTGATGGGAGACGACCTGGCCCCCC,154031,3,0.07,TGATGGGAGACGACCTGG
CCCCCCGCAGGGCCGTTTTGGGTTCCCCCC,154031,3,0.07,GCAGGGCCGTTTTGGGTT
CCCCCCTTCGGGATCACGCGATTGCCCCCC,154031,3,0.07,TTCGGGATCACGCGATTG
CCCCCCGCGGATGGCTCCGGGACGCCCCCC,154031,3,0.07,GCGGATGGCTCCGGGACG
CCCCCCTACGGGCGAGGTGTACTGCCCCCC,154031,3,0.07,TACGGGCGAGGTGTACTG
CCCCCCTCCAGTGCTCCTAGTGTGCCCCCC,154031,3,0.07,TCCAGTGCTCCTAGTGTG
CCCCCCTTGCTGTTAGGCGAGGTTCCCCCC,154031,3,0.07,TTGCTGTTAGGCGAGGTT
CCCCCCTGGCGTTACAACTGTGTGCCCCCC,154031,3,0.07,TGGCGTTACAACTGTGTG
CCCCCCGGCCTCGTATGTTCGGTGCCCCCC,154031,3,0.07,GGCCTCGTATGTTCGGTG
CCCCCCTGGTCACAGACGTGGCATCCCCCC,154031,3,0.07,TGGTCACAGACGTGGCAT
CCCCCCAGGTGGAGCGTTAGTTGTCCCCCC,154031,3,0.07,AGGTGGAGCGTTAGTTGT
CCCCCCTTGGCGGTTATGGAAATACCCCCC,154031,3,0.07,TTGGCGGTTATGGAAATA
CCCCCCGGCGGTCACTGGTGCACACCCCCC,154031,3,0.07,GGCGGTCACTGGTGCACA
CCCCCCAAGCTTGCTCAGCGTGTACCCCCC,154031,3,0.07,AAGCTTGCTCAGCGTGTA
CCCCCCGCTCGGGCCGACTCCGGACCCCCC,154031,3,0.07,GCTCGGGCCGACTCCGGA
CCCCCCTTGTCCAACGTGGCGCTTCCCCCC,154031,3,0.07,TTGTCCAACGTGGCGCTT
CCCCCCTATATTGTTAACGTCGGGCCCCCC,154031,3,0.07,TATATTGTTAACGTCGGG
CCCCCCTAGTCGACTCGTGGAGTTCCCCCC,154031,3,0.07,TAGTCGACTCGTGGAGTT
CCCCCCGGGTATGATACTTTTGATCCCCCC,154031,3,0.07,GGGTATGATACTTTTGAT
CCCCCCGCAGGGTCGCCAAGATGTCCCCCC,154031,3,0.07,GCAGGGTCGCCAAGATGT
CCCCCCTCACCGGGGACGGTATCGCCCCCC,154031,3,0.07,TCACCGGGGACGGTATCG
CCCCCCTAGCGGCGTAATGTGTATCCCCCC,154031,3,0.07,TAGCGGCGTAATGTGTAT
CCCCCCTACCCTTAGCCGTGTGATCCCCCC,154031,3,0.07,TACCCTTAGCCGTGTGAT
CCCCCCTTGGGCAAGGCGTAGTCTCCCCCC,154031,3,0.07,TTGGGCAAGGCGTAGTCT
CCCCCCTTCAGATCTAACAGGGGTCCCCCC,154031,3,0.07,TTCAGATCTAACAGGGGT
CCCCCCGGAGCTCTTAGAGTACTTCCCCCC,154031,3,0.07,GGAGCTCTTAGAGTACTT
CCCCCCAATTCCTGCTCGTTAATTCCCCCC,154031,3,0.07,AATTCCTGCTCGTTAATT
CCCCCCACTGGGTGCTGTCGCGATCCCCCC,154031,3,0.07,ACTGGGTGCTGTCGCGAT
CCCCCCACTGGATGATACGCGTCGCCCCCC,154031,3,0.07,ACTGGATGATACGCGTCG
CCCCCCGAGCGCTTCGGGGTCATGCCCCCC,154031,3,0.07,GAGCGCTTCGGGGTCATG
CCCCCCGGCAGGGAGAAAGCTGCGCCCCCC,154031,3,0.07,GGCAGGGAGAAAGCTGCG
CCCCCCTAACGTCGGGTCCTCACTCCCCCC,154031,3,0.07,TAACGTCGGGTCCTCACT
CCCCCCTAACGACCGGTGGAGGATCCCCCC,154031,3,0.07,TAACGACCGGTGGAGGAT
CCCCCCTTGACCTCGATGCTCTGCCCCCCC,154031,3,0.07,TTGACCTCGATGCTCTGC
CCCCCCATGGTATGATCTCGTATGCCCCCC,154031,3,0.07,ATGGTATGATCTCGTATG
CCCCCCATGGAGTGTCTGCTAATGCCCCCC,154031,3,0.07,ATGGAGTGTCTGCTAATG
CCCCCCTGAACGGGACCACGCGTGCCCCCC,154031,3,0.07,TGAACGGGACCACGCGTG
CCCCCCTCGTGCCCGATTCAGTATCCCCCC,154031,3,0.07,TCGTGCCCGATTCAGTAT
CCCCCCGGGACATGGGGGAGGCACCCCCCC,154031,3,0.07,GGGACATGGGGGAGGCAC
CCCCCCTTCGGGAATACGTTTTGCCCCCCC,154031,3,0.07,TTCGGGAATACGTTTTGC
CCCCCCATAGTCCATGGAGGGCGTCCCCCC,154031,3,0.07,ATAGTCCATGGAGGGCGT
CCCCCCATGGCAAACTACTACGTGCCCCCC,154031,3,0.07,ATGGCAAACTACTACGTG
CCCCCCGGGTTGTGTAAGGGTTCACCCCCC,154031,3,0.07,GGGTTGTGTAAGGGTTCA
CCCCCCTGTCGTCGTATGTCCGTTCCCCCC,154031,3,0.07,TGTCGTCGTATGTCCGTT
CCCCCCGTACAGACGTAGCACTCTCCCCCC,154031,3,0.07,GTACAGACGTAGCACTCT
CCCCCCGTATCGTGTTGGCCTTCGCCCCCC,154031,3,0.07,GTATCGTGTTGGCCTTCG
CCCCCCAGAACGATGACTGTAGTTCCCCCC,154031,3,0.07,AGAACGATGACTGTAGTT
CCCCCCATTTTGCCGAAGGGGTAGCCCCCC,154031,3,0.07,ATTTTGCCGAAGGGGTAG
CCCCCCAACAGTCGTGCCCTTGTGCCCCCC,154031,3,0.07,AACAGTCGTGCCCTTGTG
CCCCCCACAACCTCTTGTTCCGATCCCCCC,154031,3,0.07,ACAACCTCTTGTTCCGAT
CCCCCCACTTATAGGTCGTCTGCTCCCCCC,154031,3,0.07,ACTTATAGGTCGTCTGCT
CCCCCCTGTGGCCTCGTACCTGGTCCCCCC,154031,3,0.07,TGTGGCCTCGTACCTGGT
CCCCCCAAATAAATCGTGTACGGTCCCCCC,154031,3,0.07,AAATAAATCGTGTACGGT
CCCCCCAGCGTTCTCTGCAGTGTGCCCCCC,154031,3,0.07,AGCGTTCTCTGCAGTGTG
CCCCCCATGGGAGTCACTTATTGTCCCCCC,154031,3,0.07,ATGGGAGTCACTTATTGT
CCCCCCACAATGCGGCAAACGTGTCCCCCC,154031,3,0.07,ACAATGCGGCAAACGTGT
CCCCCCGGTGGGTACGTCCATTTGCCCCCC,154031,3,0.07,GGTGGGTACGTCCATTTG
CCCCCCTTTGAGGGTTAAGCAGTACCCCCC,154031,3,0.07,TTTGAGGGTTAAGCAGTA
CCCCCCGGGGGCATTACTTTCCGTCCCCCC,154031,3,0.07,GGGGGCATTACTTTCCGT
CCCCCCAAGTGGAGTTCGGGGATTCCCCCC,154031,3,0.07,AAGTGGAGTTCGGGGATT
CCCCCCGGACACGGGTGGCAAGTCCCCCCC,154031,3,0.07,GGACACGGGTGGCAAGTC
CCCCCCATGGCAGCTCAGGTATGACCCCCC,154031,3,0.07,ATGGCAGCTCAGGTATGA
CCCCCCGGGATACGAGGACAGTTGCCCCCC,154031,3,0.07,GGGATACGAGGACAGTTG
CCCCCCGGGAGATTTGCTCTTCTTCCCCCC,154031,3,0.07,GGGAGATTTGCTCTTCTT
CCCCCCAGGACGGCTATTCCTGCTCCCCCC,154031,3,0.07,AGGACGGCTATTCCTGCT
CCCCCCAATGGGCTATAGAAATCTCCCCCC,154031,3,0.07,AATGGGCTATAGAAATCT
CCCCCCACAGTGTGCTCCGATGCTCCCCCC,154031,3,0.07,ACAGTGTGCTCCGATGCT
CCCCCCGCGCGACAGCGTTCGGTGCCCCCC,154031,3,0.07,GCGCGACAGCGTTCGGTG
CCCCCCTAACTGGGGATTCATTGCCCCCCC,154031,3,0.07,TAACTGGGGATTCATTGC
CCCCCCACTCTGGACTCGCGCTCACCCCCC,154031,3,0.07,ACTCTGGACTCGCGCTCA
CCCCCCGGTGCGCCTGGTCGTGCACCCCCC,154031,3,0.07,GGTGCGCCTGGTCGTGCA
CCCCCCTCGTAGAACTGGGCTGGTCCCCCC,154031,3,0.07,TCGTAGAACTGGGCTGGT
CCCCCCTAGGGGAAAAAAGTCTGGCCCCCC,154031,3,0.07,TAGGGGAAAAAAGTCTGG
CCCCCCAGCGTACCTTGGAGTGCTCCCCCC,154031,3,0.07,AGCGTACCTTGGAGTGCT
CCCCCCAGGAGCCTAACGTTCGTGCCCCCC,154031,3,0.07,AGGAGCCTAACGTTCGTG
CCCCCCTTGTCCGGGAGTGAGGCGCCCCCC,154031,3,0.07,TTGTCCGGGAGTGAGGCG
CCCCCCTGGGTTGTGTTCAATCTTCCCCCC,154031,3,0.07,TGGGTTGTGTTCAATCTT
CCCCCCGAAGGTGCATTGCGGCGGCCCCCC,154031,3,0.07,GAAGGTGCATTGCGGCGG
CCCCCCTTAGTCGTCGGCTATGCTCCCCCC,154031,3,0.07,TTAGTCGTCGGCTATGCT
CCCCCCGTGCTGTGGGACTTTTATCCCCCC,154031,3,0.07,GTGCTGTGGGACTTTTAT
CCCCCCATCACAACACGACGAGTGCCCCCC,154031,3,0.07,ATCACAACACGACGAGTG
CCCCCCACACCTTGTGGTGGATGTCCCCCC,154031,3,0.07,ACACCTTGTGGTGGATGT
CCCCCCGCTACGTGCCCTGTTCATCCCCCC,154031,3,0.07,GCTACGTGCCCTGTTCAT
CCCCCCTACTGGACCACGGTCAGTCCCCCC,154031,3,0.07,TACTGGACCACGGTCAGT
CCCCCCGTGGAAGCATACCGCGTGCCCCCC,154031,3,0.07,GTGGAAGCATACCGCGTG
CCCCCCTAAGTGTCATCGGCTCTTCCCCCC,154031,3,0.07,TAAGTGTCATCGGCTCTT
CCCCCCTAAGGGTGTGCGGAGAGACCCCCC,154031,3,0.07,TAAGGGTGTGCGGAGAGA
CCCCCCAGCCGACTGAGGGTAGCGCCCCCC,154031,3,0.07,AGCCGACTGAGGGTAGCG
CCCCCCAGAAGACCGCCGGTTGCTCCCCCC,154031,3,0.07,AGAAGACCGCCGGTTGCT
CCCCCCGGGAGGCGACGTCAGCTCCCCCCC,154031,3,0.07,GGGAGGCGACGTCAGCTC
CCCCCCAGTCTCGCTGACGTGTCTCCCCCC,154031,3,0.07,AGTCTCGCTGACGTGTCT
CCCCCCCTTACATTGACTCCTGGTCCCCCC,154031,3,0.07,CTTACATTGACTCCTGGT
CCCCCCGGGTGGTATACATTGTCGCCCCCC,154031,3,0.07,GGGTGGTATACATTGTCG
CCCCCCTGCAACTATAAACGTGGCCCCCCC,154031,3,0.07,TGCAACTATAAACGTGGC
CCCCCCGTTGGGAAGTGGATGGCGCCCCCC,154031,3,0.07,GTTGGGAAGTGGATGGCG
CCCCCCGGCTTAAGTGCTGGAGGTCCCCCC,154031,3,0.07,GGCTTAAGTGCTGGAGGT
CCCCCCTGGAGCTGACACTGCGCTCCCCCC,154031,3,0.07,TGGAGCTGACACTGCGCT
CCCCCCGCGGCATGCCGATGTGTACCCCCC,154031,3,0.07,GCGGCATGCCGATGTGTA
CCCCCCTTTCGCTGGGGAAACGGCCCCCCC,154031,3,0.07,TTTCGCTGGGGAAACGGC
CCCCCCCGACAAGGGTGGTGTCTACCCCCC,154031,3,0.07,CGACAAGGGTGGTGTCTA
CCCCCCAGTGGTTCCTGGCGGTCTCCCCCC,154031,3,0.07,AGTGGTTCCTGGCGGTCT
CCCCCCTAACGGTACTCCTGGTGGCCCCCC,154031,3,0.07,TAACGGTACTCCTGGTGG
CCCCCCTGTGTAATGTCCGCTCTTCCCCCC,154031,3,0.07,TGTGTAATGTCCGCTCTT
CCCCCCGCATGTCCCTCGTGGGCACCCCCC,154031,3,0.07,GCATGTCCCTCGTGGGCA
CCCCCCTATTGTCGGTGTACATTACCCCCC,154031,3,0.07,TATTGTCGGTGTACATTA
CCCCCCACCAGCCAGGGTGCAGAGCCCCCC,154031,3,0.07,ACCAGCCAGGGTGCAGAG
CCCCCCTAGGGTGTCGAATTGGACCCCCCC,154031,3,0.07,TAGGGTGTCGAATTGGAC
CCCCCCGGTGGTTCATAGGCTAATCCCCCC,154031,3,0.07,GGTGGTTCATAGGCTAAT
CCCCCCGCGGTCTCCCAGGCTGGTCCCCCC,154031,3,0.07,GCGGTCTCCCAGGCTGGT
CCCCCCTGGCGGGTCCCAGGGCCTCCCCCC,154031,3,0.07,TGGCGGGTCCCAGGGCCT
CCCCCCAGGGATGAGGTGATCTCTCCCCCC,154031,3,0.07,AGGGATGAGGTGATCTCT
CCCCCCGTCCGTTAGTCGTGGCGTCCCCCC,154031,3,0.07,GTCCGTTAGTCGTGGCGT
CCCCCCAAGATCGTCGGTCAATATCCCCCC,154031,3,0.07,AAGATCGTCGGTCAATAT
CCCCCCTGGAGGTTTCTGCGATGGCCCCCC,154031,3,0.07,TGGAGGTTTCTGCGATGG
CCCCCCGGCCGACGTCGGTGCGTACCCCCC,154031,3,0.07,GGCCGACGTCGGTGCGTA
CCCCCCGGGCTGTTGTGAGGAATACCCCCC,154031,3,0.07,GGGCTGTTGTGAGGAATA
CCCCCCAGGGATGGACAGCCTATGCCCCCC,154031,3,0.07,AGGGATGGACAGCCTATG
CCCCCCTTCGGACAAACGTTCGTGCCCCCC,154031,3,0.07,TTCGGACAAACGTTCGTG
CCCCCCGGTGCACAGACTAGCATGCCCCCC,154031,3,0.07,GGTGCACAGACTAGCATG
CCCCCCATCCGATCCTCATCGGAGCCCCCC,154031,3,0.07,ATCCGATCCTCATCGGAG
CCCCCCTAGTGGCCTGTTGGTTGTCCCCCC,154031,3,0.07,TAGTGGCCTGTTGGTTGT
CCCCCCATTAAGGGGCCGCACACTCCCCCC,154031,3,0.07,ATTAAGGGGCCGCACACT
CCCCCCATGCTAGTGGTGTGCTGGCCCCCC,154031,3,0.07,ATGCTAGTGGTGTGCTGG
CCCCCCTTGCCTAACGACTTGGTGCCCCCC,154031,3,0.07,TTGCCTAACGACTTGGTG
CCCCCCGCCGTCGCCGGGAGGCACCCCCCC,154031,3,0.07,GCCGTCGCCGGGAGGCAC
CCCCCCGAGCCGCGACCTCTCGTGCCCCCC,154031,3,0.07,GAGCCGCGACCTCTCGTG
CCCCCCGTGCCCGGACATGTCGGACCCCCC,154031,3,0.07,GTGCCCGGACATGTCGGA
CCCCCCGTGTGCACCTCTATAACTCCCCCC,154031,3,0.07,GTGTGCACCTCTATAACT
CCCCCCTGGGTTATGGGGAGGCATCCCCCC,154031,3,0.07,TGGGTTATGGGGAGGCAT
CCCCCCATTGTTCGACGTGCACTGCCCCCC,154031,3,0.07,ATTGTTCGACGTGCACTG
CCCCCCTGGGAAGTCGCGAGGGAGCCCCCC,154031,3,0.07,TGGGAAGTCGCGAGGGAG
CCCCCCGGGTAAGTTACTTCTGGACCCCCC,154031,3,0.07,GGGTAAGTTACTTCTGGA
CCCCCCGGATGAGCCCAGTTGTGGCCCCCC,154031,3,0.07,GGATGAGCCCAGTTGTGG
CCCCCCTAGCTAGGAAGGAGGTGGCCCCCC,154031,3,0.07,TAGCTAGGAAGGAGGTGG
CCCCCCACTACGTATCGGGTAATGCCCCCC,154031,3,0.07,ACTACGTATCGGGTAATG
CCCCCCTGTGAGGTGTCGAGCTAGCCCCCC,154031,3,0.07,TGTGAGGTGTCGAGCTAG
CCCCCCGTGCCTGTACGTGGCTCACCCCCC,154031,3,0.07,GTGCCTGTACGTGGCTCA
CCCCCCTAGGAGTTCTTCCTATGTCCCCCC,154031,3,0.07,TAGGAGTTCTTCCTATGT
CCCCCCATTGTGGCTGTTCGTGCGCCCCCC,154031,3,0.07,ATTGTGGCTGTTCGTGCG
CCCCCCGTGCCCGGCTTCTGAACTCCCCCC,154031,3,0.07,GTGCCCGGCTTCTGAACT
CCCCCCAAGGGGATTTCCTCGTGACCCCCC,154031,3,0.07,AAGGGGATTTCCTCGTGA
CCCCCCAACAACAGAGGCAGTGCGCCCCCC,154031,3,0.07,AACAACAGAGGCAGTGCG
CCCCCCTGCGGGGCGCAACATATCCCCCCC,154031,3,0.07,TGCGGGGCGCAACATATC
CCCCCCTATGTAGCTCCACGATATCCCCCC,154031,3,0.07,TATGTAGCTCCACGATAT
CCCCCCTGGTGATTCTAGGCGTCGCCCCCC,154031,3,0.07,TGGTGATTCTAGGCGTCG
CCCCCCTCCACGGGTCAGACATGTCCCCCC,154031,3,0.07,TCCACGGGTCAGACATGT
CCCCCCTGGTACAACATTGCGGTGCCCCCC,154031,3,0.07,TGGTACAACATTGCGGTG
CCCCCCAACCAGGACAGGTTCGGGCCCCCC,154031,3,0.07,AACCAGGACAGGTTCGGG
CCCCCCACGGCATGTCGGCTCTTCCCCCCC,154031,3,0.07,ACGGCATGTCGGCTCTTC
CCCCCCGTGGTTCCGAGCTGTTTCCCCCCC,154031,3,0.07,GTGGTTCCGAGCTGTTTC
CCCCCCTTGACACCTCAGACTGCTCCCCCC,154031,3,0.07,TTGACACCTCAGACTGCT
CCCCCCATAATCTGCACTTGTGCTCCCCCC,154031,3,0.07,ATAATCTGCACTTGTGCT
CCCCCCAAGTGTCCATCGGGTGTCCCCCCC,154031,3,0.07,AAGTGTCCATCGGGTGTC
CCCCCCAATGGCGTTCGGCATGTGCCCCCC,154031,3,0.07,AATGGCGTTCGGCATGTG
CCCCCCGACGAGGTTCATCCGCGTCCCCCC,154031,3,0.07,GACGAGGTTCATCCGCGT
CCCCCCAGCAGGAGGCACAAGCGGCCCCCC,154031,3,0.07,AGCAGGAGGCACAAGCGG
CCCCCCTTCAGACAAAGTGCTGGTCCCCCC,154031,3,0.07,TTCAGACAAAGTGCTGGT
CCCCCCGCGTCGAGGGACCTGGAGCCCCCC,154031,3,0.07,GCGTCGAGGGACCTGGAG
CCCCCCTTGGTCTGCTGGCTGTTACCCCCC,154031,3,0.07,TTGGTCTGCTGGCTGTTA
CCCCCCACGGGGTGCTCACCTACTCCCCCC,154031,3,0.07,ACGGGGTGCTCACCTACT
CCCCCCAGGGAAATGCAGTGTGTGCCCCCC,154031,3,0.07,AGGGAAATGCAGTGTGTG
CCCCCCAGCTGGGACAGCGACGATCCCCCC,154031,3,0.07,AGCTGGGACAGCGACGAT
CCCCCCTGGGCGGCATACTTCTGACCCCCC,154031,3,0.07,TGGGCGGCATACTTCTGA
CCCCCCATGGGTACGATCACGTCGCCCCCC,154031,3,0.07,ATGGGTACGATCACGTCG
CCCCCCTTGCGGCACCAACTCGCTCCCCCC,154031,3,0.07,TTGCGGCACCAACTCGCT
CCCCCCAGATGGTGTTATGCAGCTCCCCCC,154031,3,0.07,AGATGGTGTTATGCAGCT
CCCCCCTCAGCCGCGTGTTGTCTCCCCCCC,154031,3,0.07,TCAGCCGCGTGTTGTCTC
CCCCCCTATCGTGGTTTAGGGCCTCCCCCC,154031,3,0.07,TATCGTGGTTTAGGGCCT
CCCCCCGCTGACAACCTATGGAGCCCCCCC,154031,3,0.07,GCTGACAACCTATGGAGC
CCCCCCGACTGCATCACGTGTGTCCCCCCC,154031,3,0.07,GACTGCATCACGTGTGTC
CCCCCCTGTGTGAGGTATATGTGCCCCCCC,154031,3,0.07,TGTGTGAGGTATATGTGC
CCCCCCGCTATACGCGGTGCAATTCCCCCC,154031,3,0.07,GCTATACGCGGTGCAATT
CCCCCCATCATCAGACGGTCTTTGCCCCCC,154031,3,0.07,ATCATCAGACGGTCTTTG
CCCCCCAGTCACGCTTCCGCTCGGCCCCCC,154031,3,0.07,AGTCACGCTTCCGCTCGG
CCCCCCTATCGCGCCGAAAGTGCTCCCCCC,154031,3,0.07,TATCGCGCCGAAAGTGCT
CCCCCCGCTAGGGGAATGTCGTCACCCCCC,154031,3,0.07,GCTAGGGGAATGTCGTCA
CCCCCCAGCCTTGCTCTCCCGCTCCCCCCC,154031,3,0.07,AGCCTTGCTCTCCCGCTC
CCCCCCGTCGTCGGCTCCATGTTTCCCCCC,154031,3,0.07,GTCGTCGGCTCCATGTTT
CCCCCCTTGGCTCGAACGGTGTTGCCCCCC,154031,3,0.07,TTGGCTCGAACGGTGTTG
CCCCCCGAAAGGTGCACAAGCCGGCCCCCC,154031,3,0.07,GAAAGGTGCACAAGCCGG
CCCCCCTGTGCCACTGAAGTTCGTCCCCCC,154031,3,0.07,TGTGCCACTGAAGTTCGT
CCCCCCTGACTGTAGAACGGTGCTCCCCCC,154031,3,0.07,TGACTGTAGAACGGTGCT
CCCCCCGACGGGTAGATCAGAACACCCCCC,154031,3,0.07,GACGGGTAGATCAGAACA
CCCCCCACCGTTCATCAGTGTACTCCCCCC,154031,3,0.07,ACCGTTCATCAGTGTACT
CCCCCCGACAGTGGAGGGTGACGACCCCCC,154031,3,0.07,GACAGTGGAGGGTGACGA
CCCCCCATGCGGGAGTGAGGAGTGCCCCCC,154031,3,0.07,ATGCGGGAGTGAGGAGTG
CCCCCCTGGGGACCTAGTACGCAGCCCCCC,154031,3,0.07,TGGGGACCTAGTACGCAG
CCCCCCGAGAATTCGGTGTACTGTCCCCCC,154031,3,0.07,GAGAATTCGGTGTACTGT
CCCCCCAGGCCGTAATCGCTCGTTCCCCCC,154031,3,0.07,AGGCCGTAATCGCTCGTT
CCCCCCGGAACGACTCACGGTGCTCCCCCC,154031,3,0.07,GGAACGACTCACGGTGCT
CCCCCCCGACCACGAGCTCCATTACCCCCC,154031,3,0.07,CGACCACGAGCTCCATTA
CCCCCCTCCAGGCTACTCCTCGTGCCCCCC,154031,3,0.07,TCCAGGCTACTCCTCGTG
CCCCCCAACTCTGGTGGTATGGAACCCCCC,154031,3,0.07,AACTCTGGTGGTATGGAA
CCCCCCGGGCGTTATGTATTGTATCCCCCC,154031,3,0.07,GGGCGTTATGTATTGTAT
CCCCCCTTGCGGAAGGATGTCGGCCCCCCC,154031,3,0.07,TTGCGGAAGGATGTCGGC
CCCCCCTATTGGGTGCGGGTTAAACCCCCC,154031,3,0.07,TATTGGGTGCGGGTTAAA
CCCCCCGCTACATGGGCGCGGATGCCCCCC,154031,3,0.07,GCTACATGGGCGCGGATG
CCCCCCATTGTGTGACAGCGGTATCCCCCC,154031,3,0.07,ATTGTGTGACAGCGGTAT
CCCCCCATGGCTTGGCTCGGGCTGCCCCCC,154031,3,0.07,ATGGCTTGGCTCGGGCTG
CCCCCCATCGGGGTAATGCACTCTCCCCCC,154031,3,0.07,ATCGGGGTAATGCACTCT
CCCCCCAAGGGGATCTTTTCAGTTCCCCCC,154031,3,0.07,AAGGGGATCTTTTCAGTT
CCCCCCAAGGAAAGCGGCAGGGTGCCCCCC,154031,3,0.07,AAGGAAAGCGGCAGGGTG
CCCCCCGCGTGGGTATGGCTAGATCCCCCC,154031,3,0.07,GCGTGGGTATGGCTAGAT
CCCCCCGTGTTTGGGTTTTGATAGCCCCCC,154031,3,0.07,GTGTTTGGGTTTTGATAG
CCCCCCAAACAGTGTGGGTGAGCGCCCCCC,154031,3,0.07,AAACAGTGTGGGTGAGCG
CCCCCCAACACGTTCGACGCGTCTCCCCCC,154031,3,0.07,AACACGTTCGACGCGTCT
CCCCCCATATTTGGCAACGATGTGCCCCCC,154031,3,0.07,ATATTTGGCAACGATGTG
CCCCCCCGCTCATAATCGGCCCTTCCCCCC,154031,3,0.07,CGCTCATAATCGGCCCTT
CCCCCCTGTACAGGTCGGATCTGTCCCCCC,154031,3,0.07,TGTACAGGTCGGATCTGT
CCCCCCGTCATGCGACGTGTTCATCCCCCC,154031,3,0.07,GTCATGCGACGTGTTCAT
CCCCCCAATGCTGGGAGGCGCGACCCCCCC,154031,3,0.07,AATGCTGGGAGGCGCGAC
CCCCCCTGGGGGTTTAGGCGCACTCCCCCC,154031,3,0.07,TGGGGGTTTAGGCGCACT
CCCCCCGCTATCCGGGGTCGCTGCCCCCCC,154031,3,0.07,GCTATCCGGGGTCGCTGC
CCCCCCATGCCGGGTTGCTTACGACCCCCC,154031,3,0.07,ATGCCGGGTTGCTTACGA
CCCCCCCGTGTGCAGCCGCCGATACCCCCC,154031,3,0.07,CGTGTGCAGCCGCCGATA
CCCCCCATCGACTCTTCCTCCCGTCCCCCC,154031,3,0.07,ATCGACTCTTCCTCCCGT
CCCCCCTCGGGTATTATTGGTCGACCCCCC,154031,3,0.07,TCGGGTATTATTGGTCGA
CCCCCCTTAGTGCTCGTTGCGCGACCCCCC,154031,3,0.07,TTAGTGCTCGTTGCGCGA
CCCCCCTTCGCCAGACCGTGCTCACCCCCC,154031,3,0.07,TTCGCCAGACCGTGCTCA
CCCCCCGGTAGTGTCAGTATGGTGCCCCCC,154031,3,0.07,GGTAGTGTCAGTATGGTG
CCCCCCTCGTAGACGGTGTATATGCCCCCC,154031,3,0.07,TCGTAGACGGTGTATATG
CCCCCCGTAGGTCTCTTGGATGCACCCCCC,154031,3,0.07,GTAGGTCTCTTGGATGCA
CCCCCCACACTGAGTCACCGTGCGCCCCCC,154031,3,0.07,ACACTGAGTCACCGTGCG
CCCCCCAGGGACCATGTGCCCGGACCCCCC,154031,3,0.07,AGGGACCATGTGCCCGGA
CCCCCCCTCGGGGAAGGTGCCTGGCCCCCC,154031,3,0.07,CTCGGGGAAGGTGCCTGG
CCCCCCTATAGGTCCAACGGAGTGCCCCCC,154031,3,0.07,TATAGGTCCAACGGAGTG
CCCCCCAGGGGTTGTCCTCTTGTGCCCCCC,154031,3,0.07,AGGGGTTGTCCTCTTGTG
CCCCCCATGAGGGTCCAACAGATTCCCCCC,154031,3,0.07,ATGAGGGTCCAACAGATT
CCCCCCGAGGGTCGTCTGGCTGTTCCCCCC,154031,3,0.07,GAGGGTCGTCTGGCTGTT
CCCCCCTGGGTGGGGTGAGCAATCCCCCCC,154031,3,0.07,TGGGTGGGGTGAGCAATC
CCCCCCAGTTGCAGTGGGTGTGTTCCCCCC,154031,3,0.07,AGTTGCAGTGGGTGTGTT
CCCCCCCGTGGTAGTTGTAAATGTCCCCCC,154031,3,0.07,CGTGGTAGTTGTAAATGT
CCCCCCTGTTTGACTGGAGGAAGTCCCCCC,154031,3,0.07,TGTTTGACTGGAGGAAGT
CCCCCCATTGTGCTCTGATCCTTACCCCCC,154031,3,0.07,ATTGTGCTCTGATCCTTA
CCCCCCTGAGGGTGTTAAGTGTAACCCCCC,154031,3,0.07,TGAGGGTGTTAAGTGTAA
CCCCCCGATGGATTGGGGAGTTCGCCCCCC,154031,3,0.07,GATGGATTGGGGAGTTCG
CCCCCCGTGGTAATTCGCTAGAGACCCCCC,154031,3,0.07,GTGGTAATTCGCTAGAGA
CCCCCCCGCGTGGGCAGGGCTCTTCCCCCC,154031,3,0.07,CGCGTGGGCAGGGCTCTT
CCCCCCTACACTGCTCTTACCGCTCCCCCC,154031,3,0.07,TACACTGCTCTTACCGCT
CCCCCCTGGAATAGAGACGTGTCGCCCCCC,154031,3,0.07,TGGAATAGAGACGTGTCG
CCCCCCTACCGACCTGGCGTGGTTCCCCCC,154031,3,0.07,TACCGACCTGGCGTGGTT
CCCCCCACATGGGTGTAAGGTCGGCCCCCC,154031,3,0.07,ACATGGGTGTAAGGTCGG
CCCCCCTGAGGGAAGGCAGGAGGGCCCCCC,154031,3,0.07,TGAGGGAAGGCAGGAGGG
CCCCCCTCATGGCAGTCGGTGTCTCCCCCC,154031,3,0.07,TCATGGCAGTCGGTGTCT
CCCCCCTCTCCTAGTGCCGCACGTCCCCCC,154031,3,0.07,TCTCCTAGTGCCGCACGT
CCCCCCACGGTGTCGTAAGGGTGGCCCCCC,154031,3,0.07,ACGGTGTCGTAAGGGTGG
CCCCCCGTGTCGCTCTCACCGAAGCCCCCC,154031,3,0.07,GTGTCGCTCTCACCGAAG
CCCCCCAGGAGCTACGTAGGCTCGCCCCCC,154031,3,0.07,AGGAGCTACGTAGGCTCG
CCCCCCTTCGAGGGCGCGCGTCCTCCCCCC,154031,3,0.07,TTCGAGGGCGCGCGTCCT
CCCCCCCGGGAGTCGATGTGTGTTCCCCCC,154031,3,0.07,CGGGAGTCGATGTGTGTT
CCCCCCTCCACATAGGGTCAGGCTCCCCCC,154031,3,0.07,TCCACATAGGGTCAGGCT
CCCCCCCGGGCCGTCGGATTAGTTCCCCCC,154031,3,0.07,CGGGCCGTCGGATTAGTT
CCCCCCGCTAGGGTGCTTGTTGTTCCCCCC,154031,3,0.07,GCTAGGGTGCTTGTTGTT
CCCCCCATAAGCGGTCGTTCAGAACCCCCC,154031,3,0.07,ATAAGCGGTCGTTCAGAA
CCCCCCTTGGTTACGGGTCAACGTCCCCCC,154031,3,0.07,TTGGTTACGGGTCAACGT
CCCCCCCCTTAGGGGAACTGGCTACCCCCC,154031,3,0.07,CCTTAGGGGAACTGGCTA
CCCCCCCGGTGGCGGTCCAAGGGTCCCCCC,154031,3,0.07,CGGTGGCGGTCCAAGGGT
CCCCCCAGGACTGAATTGCGCTCTCCCCCC,154031,3,0.07,AGGACTGAATTGCGCTCT
CCCCCCGGCAGCGGGTGGACTCTTCCCCCC,154031,3,0.07,GGCAGCGGGTGGACTCTT
CCCCCCACGGGAGTACCACATAATCCCCCC,154031,3,0.07,ACGGGAGTACCACATAAT
CCCCCCTGAGGGTTCCATTACGTGCCCCCC,154031,3,0.07,TGAGGGTTCCATTACGTG
CCCCCCCGGCGGTCATACGGGACACCCCCC,154031,3,0.07,CGGCGGTCATACGGGACA
CCCCCCATTGGAGCTGCCCGTGTACCCCCC,154031,3,0.07,ATTGGAGCTGCCCGTGTA
CCCCCCTTTATAACTCGACTTGTGCCCCCC,154031,3,0.07,TTTATAACTCGACTTGTG
CCCCCCACGTCCCCGTGTCTGGTTCCCCCC,154031,3,0.07,ACGTCCCCGTGTCTGGTT
CCCCCCGAGCGTGGTGCTGGTTCGCCCCCC,154031,3,0.07,GAGCGTGGTGCTGGTTCG
CCCCCCCGGGGCTAATTCGATTTTCCCCCC,154031,3,0.07,CGGGGCTAATTCGATTTT
CCCCCCTCAAAGCAAACGTTGTGCCCCCCC,154031,3,0.07,TCAAAGCAAACGTTGTGC
CCCCCCTTGAGGGATACAGAGACGCCCCCC,154031,3,0.07,TTGAGGGATACAGAGACG
CCCCCCGAGTCCGGGGCGGGGCCTCCCCCC,154031,3,0.07,GAGTCCGGGGCGGGGCCT
CCCCCCAGGTCAAATCGCTCTTGTCCCCCC,154031,3,0.07,AGGTCAAATCGCTCTTGT
CCCCCCGCATGGTGTAGTCGTGAACCCCCC,154031,3,0.07,GCATGGTGTAGTCGTGAA
CCCCCCATCTTCCATGGCTCGGCTCCCCCC,154031,3,0.07,ATCTTCCATGGCTCGGCT
CCCCCCACGTGGCGCCTGGACTGGCCCCCC,154031,3,0.07,ACGTGGCGCCTGGACTGG
CCCCCCAAGGGCGCATTTCTTGTTCCCCCC,154031,3,0.07,AAGGGCGCATTTCTTGTT
CCCCCCGGGAGTAAAACTGTATGTCCCCCC,154031,3,0.07,GGGAGTAAAACTGTATGT
CCCCCCGTTGTGAAGGTCTCGACTCCCCCC,154031,3,0.07,GTTGTGAAGGTCTCGACT
CCCCCCGGGTCATGTCGTCGATTTCCCCCC,154031,3,0.07,GGGTCATGTCGTCGATTT
CCCCCCCGCGGGACGTGACGAGGACCCCCC,154031,3,0.07,CGCGGGACGTGACGAGGA
CCCCCCACCTGGTGGAACTCTGGTCCCCCC,154031,3,0.07,ACCTGGTGGAACTCTGGT
CCCCCCTATGTGTGACTCAGCGTGCCCCCC,154031,3,0.07,TATGTGTGACTCAGCGTG
CCCCCCAGGGCACAAGGTCTCCGTCCCCCC,154031,3,0.07,AGGGCACAAGGTCTCCGT
CCCCCCAGTGCCAATCTTACCGCTCCCCCC,154031,3,0.07,AGTGCCAATCTTACCGCT
CCCCCCTTTTAGGAGGTTTTACAACCCCCC,154031,3,0.07,TTTTAGGAGGTTTTACAA
CCCCCCATCCTAGGGAGGGACAGACCCCCC,154031,3,0.07,ATCCTAGGGAGGGACAGA
CCCCCCACAGAGTGTAGGGCACATCCCCCC,154031,3,0.07,ACAGAGTGTAGGGCACAT
CCCCCCATGCACTGTCGGCGGAGTCCCCCC,154031,3,0.07,ATGCACTGTCGGCGGAGT
CCCCCCGTTCGCACGACAGTCGCTCCCCCC,154031,3,0.07,GTTCGCACGACAGTCGCT
CCCCCCTGGGTCAGCAACCTTTTGCCCCCC,154031,3,0.07,TGGGTCAGCAACCTTTTG
CCCCCCGCCCGGTCGCGTGCTGATCCCCCC,154031,3,0.07,GCCCGGTCGCGTGCTGAT
CCCCCCGCCATTCACACGAGGTCGCCCCCC,154031,3,0.07,GCCATTCACACGAGGTCG
CCCCCCTCCTAATCGCTCATCGATCCCCCC,154031,3,0.07,TCCTAATCGCTCATCGAT
CCCCCCTTCAGACTTGTGTACCCTCCCCCC,154031,3,0.07,TTCAGACTTGTGTACCCT
CCCCCCTAGCCTAACGTGTCGTCTCCCCCC,154031,3,0.07,TAGCCTAACGTGTCGTCT
CCCCCCTATATGGCGGACTATTCACCCCCC,154031,3,0.07,TATATGGCGGACTATTCA
CCCCCCAACGGGGTGTGTCTATGGCCCCCC,154031,3,0.07,AACGGGGTGTGTCTATGG
CCCCCCTCAGTGTAAGGCGCTCGTCCCCCC,154031,3,0.07,TCAGTGTAAGGCGCTCGT
CCCCCCGTGTGCTGGAATACCATGCCCCCC,154031,3,0.07,GTGTGCTGGAATACCATG
CCCCCCCGGAGGGGAACTAGCTGGCCCCCC,154031,3,0.07,CGGAGGGGAACTAGCTGG
CCCCCCTAAACTTTAGACACAGTGCCCCCC,154031,3,0.07,TAAACTTTAGACACAGTG
CCCCCCGTGCCAAGAGTCGGTAGGCCCCCC,154031,3,0.07,GTGCCAAGAGTCGGTAGG
CCCCCCCAAGATTAGCGTTCGGTGCCCCCC,154031,3,0.07,CAAGATTAGCGTTCGGTG
CCCCCCGAGAAGGGCGGAGTATGACCCCCC,154031,3,0.07,GAGAAGGGCGGAGTATGA
CCCCCCGTATCGGCTAAGACTGTGCCCCCC,154031,3,0.07,GTATCGGCTAAGACTGTG
CCCCCCGTGTAAGCGAGTCGTAGTCCCCCC,154031,3,0.07,GTGTAAGCGAGTCGTAGT
CCCCCCCGATCTAGGGGCGCAGTACCCCCC,154031,3,0.07,CGATCTAGGGGCGCAGTA
CCCCCCGCGGTCCCGTCGCCCAGACCCCCC,154031,3,0.07,GCGGTCCCGTCGCCCAGA
CCCCCCTGGGGAGTATAGCTTAGGCCCCCC,154031,3,0.07,TGGGGAGTATAGCTTAGG
CCCCCCTATAGCTGGGGATGTTTCCCCCCC,154031,3,0.07,TATAGCTGGGGATGTTTC
CCCCCCTATGTGGGGACAGATAGGCCCCCC,154031,3,0.07,TATGTGGGGACAGATAGG
CCCCCCGGTCGAGCGGAGTTGGTTCCCCCC,154031,3,0.07,GGTCGAGCGGAGTTGGTT
CCCCCCGGTGGTCTAATCTTTGTACCCCCC,154031,3,0.07,GGTGGTCTAATCTTTGTA
CCCCCCGGGGGGAAGTTTGAATGGCCCCCC,154031,3,0.07,GGGGGGAAGTTTGAATGG
CCCCCCGGGCAGCCTCATGGATCTCCCCCC,154031,3,0.07,GGGCAGCCTCATGGATCT
CCCCCCAATGGCGTGATGAGTGGGCCCCCC,154031,3,0.07,AATGGCGTGATGAGTGGG
CCCCCCCAGGATGGGGCCCGGGATCCCCCC,154031,3,0.07,CAGGATGGGGCCCGGGAT
CCCCCCATCGTAGAGGGTCCGCGTCCCCCC,154031,3,0.07,ATCGTAGAGGGTCCGCGT
CCCCCCGGTGGAAGAGATCATGTTCCCCCC,154031,3,0.07,GGTGGAAGAGATCATGTT
CCCCCCAGTCCATTAAGATGCGTGCCCCCC,154031,3,0.07,AGTCCATTAAGATGCGTG
CCCCCCGGGCAATGGGAGCGGACTCCCCCC,154031,3,0.07,GGGCAATGGGAGCGGACT
CCCCCCGCTGTGGATGGGCGGTCTCCCCCC,154031,3,0.07,GCTGTGGATGGGCGGTCT
CCCCCCTACAATACATACCTTGTGCCCCCC,154031,3,0.07,TACAATACATACCTTGTG
CCCCCCACCTTGATCTCGATTGGTCCCCCC,154031,3,0.07,ACCTTGATCTCGATTGGT
CCCCCCCGAGGGTAGAGCACGATTCCCCCC,154031,3,0.07,CGAGGGTAGAGCACGATT
CCCCCCGGGGTAAAGAGCGCGGCGCCCCCC,154031,3,0.07,GGGGTAAAGAGCGCGGCG
CCCCCCATGACTTGTCAGCCGTATCCCCCC,154031,3,0.07,ATGACTTGTCAGCCGTAT
CCCCCCATGCACGGTGAGTATGTGCCCCCC,154031,3,0.07,ATGCACGGTGAGTATGTG
CCCCCCAAAGTTTGCCGTTTAGTGCCCCCC,154031,3,0.07,AAAGTTTGCCGTTTAGTG
CCCCCCGTGGCTTGTGTCCGTGTACCCCCC,154031,3,0.07,GTGGCTTGTGTCCGTGTA
CCCCCCACACCTGTCGCATCATGGCCCCCC,154031,3,0.07,ACACCTGTCGCATCATGG
CCCCCCGGGCAGGCCTAATGTGTTCCCCCC,154031,3,0.07,GGGCAGGCCTAATGTGTT
CCCCCCCAGGGCATCATAGGGAGACCCCCC,154031,3,0.07,CAGGGCATCATAGGGAGA
CCCCCCTAATTGGGACTGTGGTAACCCCCC,154031,3,0.07,TAATTGGGACTGTGGTAA
CCCCCCTGTCCGGAGGAATTTGTGCCCCCC,154031,3,0.07,TGTCCGGAGGAATTTGTG
CCCCCCTCGGGTACGCTGTGCCTTCCCCCC,154031,3,0.07,TCGGGTACGCTGTGCCTT
CCCCCCCTGTGTGTGGGAAGGTCGCCCCCC,154031,3,0.07,CTGTGTGTGGGAAGGTCG
CCCCCCGGAGGGCCTGTTGCAGTCCCCCCC,154031,3,0.07,GGAGGGCCTGTTGCAGTC
CCCCCCTGGTATTATCTGGATGCTCCCCCC,154031,3,0.07,TGGTATTATCTGGATGCT
CCCCCCGTAAGGGGCGGATCTCCTCCCCCC,154031,3,0.07,GTAAGGGGCGGATCTCCT
CCCCCCAGGTAGTTGGTGTGTGTTCCCCCC,154031,3,0.07,AGGTAGTTGGTGTGTGTT
CCCCCCGTGTGAGCTCAACCCGCTCCCCCC,154031,3,0.07,GTGTGAGCTCAACCCGCT
CCCCCCACACATGTGGTCCGTAGTCCCCCC,154031,3,0.07,ACACATGTGGTCCGTAGT
CCCCCCAGTAGGCGCGACGTTTAGCCCCCC,154031,3,0.07,AGTAGGCGCGACGTTTAG
CCCCCCATGCGTGCGTCATGTGCGCCCCCC,154031,3,0.07,ATGCGTGCGTCATGTGCG
CCCCCCGATCGGTGTGATGTCCAGCCCCCC,154031,3,0.07,GATCGGTGTGATGTCCAG
CCCCCCTGTGCGTGATCGTGACTCCCCCCC,154031,3,0.07,TGTGCGTGATCGTGACTC
CCCCCCGAGTACGTCGGTTGTTCACCCCCC,154031,3,0.07,GAGTACGTCGGTTGTTCA
CCCCCCACGGGTACCGGGTGAAGTCCCCCC,154031,3,0.07,ACGGGTACCGGGTGAAGT
CCCCCCAGCATGCCTGGAGTTACTCCCCCC,154031,3,0.07,AGCATGCCTGGAGTTACT
CCCCCCTGGGAGTTACGGGATTACCCCCCC,154031,3,0.07,TGGGAGTTACGGGATTAC
CCCCCCGGGCGTAAGCATGGTCGTCCCCCC,154031,3,0.07,GGGCGTAAGCATGGTCGT
CCCCCCATATCGGCCGGGTCCACTCCCCCC,154031,3,0.07,ATATCGGCCGGGTCCACT
CCCCCCGTTCGACTCCTGCGTGTGCCCCCC,154031,3,0.07,GTTCGACTCCTGCGTGTG
CCCCCCATGGAGGCTCTAACGCAACCCCCC,154031,3,0.07,ATGGAGGCTCTAACGCAA
CCCCCCTCAAAAGGGCGGCCATTACCCCCC,154031,3,0.07,TCAAAAGGGCGGCCATTA
CCCCCCTGGTGGCCTTCTAATCTGCCCCCC,154031,3,0.07,TGGTGGCCTTCTAATCTG
CCCCCCGGAGTGGCGTTTAGCTTACCCCCC,154031,3,0.07,GGAGTGGCGTTTAGCTTA
CCCCCCACTGCGTGTGACCATCCTCCCCCC,154031,3,0.07,ACTGCGTGTGACCATCCT
CCCCCCTTCCGGGGACCGCTACCTCCCCCC,154031,3,0.07,TTCCGGGGACCGCTACCT
CCCCCCTTGCCTAATTGCCGTACGCCCCCC,154031,3,0.07,TTGCCTAATTGCCGTACG
CCCCCCACTGCGTGGCTATCTCCGCCCCCC,154031,3,0.07,ACTGCGTGGCTATCTCCG
CCCCCCGGGGGTGCTTAAAACATACCCCCC,154031,3,0.07,GGGGGTGCTTAAAACATA
CCCCCCCAGAAGGCGGTTGGGTCACCCCCC,154031,3,0.07,CAGAAGGCGGTTGGGTCA
CCCCCCACGGTGTTGACGACTGTGCCCCCC,154031,3,0.07,ACGGTGTTGACGACTGTG
CCCCCCACGGGCTAGGGTGCACCGCCCCCC,154031,3,0.07,ACGGGCTAGGGTGCACCG
CCCCCCGTCGAGTGTCGATGATGTCCCCCC,154031,3,0.07,GTCGAGTGTCGATGATGT
CCCCCCATATCTATGTTAACGGTGCCCCCC,154031,3,0.07,ATATCTATGTTAACGGTG
CCCCCCGGTGGGAATACCAGATCGCCCCCC,154031,3,0.07,GGTGGGAATACCAGATCG
CCCCCCGAGGGATGATGTCATAAACCCCCC,154031,3,0.07,GAGGGATGATGTCATAAA
CCCCCCGGCAAACCGGATAGGCGACCCCCC,154031,3,0.07,GGCAAACCGGATAGGCGA
CCCCCCGATCCTAAACGGCAATACCCCCCC,154031,3,0.07,GATCCTAAACGGCAATAC
CCCCCCGAAGGTGACGCGTCGTTGCCCCCC,154031,3,0.07,GAAGGTGACGCGTCGTTG
CCCCCCACCAGCGCTCGGGACCGTCCCCCC,154031,3,0.07,ACCAGCGCTCGGGACCGT
CCCCCCATGGGTTTGTGTCAACGTCCCCCC,154031,3,0.07,ATGGGTTTGTGTCAACGT
CCCCCCGTCGTAGTGGCCATATATCCCCCC,154031,3,0.07,GTCGTAGTGGCCATATAT
CCCCCCGTGTGTGGTCACTCTGTACCCCCC,154031,3,0.07,GTGTGTGGTCACTCTGTA
CCCCCCATGTTCGGTTCATACGTTCCCCCC,154031,3,0.07,ATGTTCGGTTCATACGTT
CCCCCCGGTGCTAGACTGGCAGTGCCCCCC,154031,3,0.07,GGTGCTAGACTGGCAGTG
CCCCCCTGGCACGGACAGATCTGTCCCCCC,154031,3,0.07,TGGCACGGACAGATCTGT
CCCCCCGGGAGGCTACGTAACATGCCCCCC,154031,3,0.07,GGGAGGCTACGTAACATG
CCCCCCTGGAGTTGGGACAAACGTCCCCCC,154031,3,0.07,TGGAGTTGGGACAAACGT
CCCCCCATACCGGGTAGATGTTATCCCCCC,154031,3,0.07,ATACCGGGTAGATGTTAT
CCCCCCGATTACCTGGGACTGGCGCCCCCC,154031,3,0.07,GATTACCTGGGACTGGCG
CCCCCCGTCCATTCTTATTGTGCTCCCCCC,154031,3,0.07,GTCCATTCTTATTGTGCT
CCCCCCTGGGGCGAAAGAACTTCTCCCCCC,154031,3,0.07,TGGGGCGAAAGAACTTCT
CCCCCCTCGTGGATTGATGCTTAGCCCCCC,154031,3,0.07,TCGTGGATTGATGCTTAG
CCCCCCTACCTGGGCTAGGCTGCTCCCCCC,154031,3,0.07,TACCTGGGCTAGGCTGCT
CCCCCCATGGGGCATAGCATGTGTCCCCCC,154031,3,0.07,ATGGGGCATAGCATGTGT
CCCCCCGATCGATCGGTCTTGGGTCCCCCC,154031,3,0.07,GATCGATCGGTCTTGGGT
CCCCCCTGGGATTCGTTCGGACGTCCCCCC,154031,3,0.07,TGGGATTCGTTCGGACGT
CCCCCCGCGGGCCACGTCGGTGTACCCCCC,154031,3,0.07,GCGGGCCACGTCGGTGTA
CCCCCCATAATATCGGGGATAAGCCCCCCC,154031,3,0.07,ATAATATCGGGGATAAGC
CCCCCCTCCGGATCGACGGGTGTCCCCCCC,154031,3,0.07,TCCGGATCGACGGGTGTC
CCCCCCTGAGGGGCCCAAAATTCGCCCCCC,154031,3,0.07,TGAGGGGCCCAAAATTCG
CCCCCCCGGGGATTAGTCCGTTGACCCCCC,154031,3,0.07,CGGGGATTAGTCCGTTGA
CCCCCCTTTTAGAGACGTTAGGCTCCCCCC,154031,3,0.07,TTTTAGAGACGTTAGGCT
CCCCCCATATCGGTGTGGCAACGTCCCCCC,154031,3,0.07,ATATCGGTGTGGCAACGT
CCCCCCTGATCGTATCGTGTGGGTCCCCCC,154031,3,0.07,TGATCGTATCGTGTGGGT
CCCCCCTCGCCATGGTTATCGTGGCCCCCC,154031,3,0.07,TCGCCATGGTTATCGTGG
CCCCCCTAAGGGGACACATCTCCGCCCCCC,154031,3,0.07,TAAGGGGACACATCTCCG
CCCCCCAGCTAGTATAGGTTGGTGCCCCCC,154031,3,0.07,AGCTAGTATAGGTTGGTG
CCCCCCTATGGAGCCTCGATTCAACCCCCC,154031,3,0.07,TATGGAGCCTCGATTCAA
CCCCCCGCGGATCGCCTAGGGGCGCCCCCC,154031,3,0.07,GCGGATCGCCTAGGGGCG
CCCCCCAACTTACTGTGCATGGAGCCCCCC,154031,3,0.07,AACTTACTGTGCATGGAG
CCCCCCGCTTGTCGTGTTGCATGGCCCCCC,154031,3,0.07,GCTTGTCGTGTTGCATGG
CCCCCCGGGGCCAATGAGATAAGTCCCCCC,154031,3,0.07,GGGGCCAATGAGATAAGT
CCCCCCTCGAGTGGGGAAAGTGTTCCCCCC,154031,3,0.07,TCGAGTGGGGAAAGTGTT
CCCCCCTCGTCAGGAGTTCAGTATCCCCCC,154031,3,0.07,TCGTCAGGAGTTCAGTAT
CCCCCCAGGGCGGGAATAGGAGAGCCCCCC,154031,3,0.07,AGGGCGGGAATAGGAGAG
CCCCCCATTGAGAGGATGCCGGGTCCCCCC,154031,3,0.07,ATTGAGAGGATGCCGGGT
CCCCCCTTTCCTGGGTCCAACTCGCCCCCC,154031,3,0.07,TTTCCTGGGTCCAACTCG
CCCCCCTTTAGGGTAATCACGGCTCCCCCC,154031,3,0.07,TTTAGGGTAATCACGGCT
CCCCCCATGGCCTCTGGGTCACTACCCCCC,154031,3,0.07,ATGGCCTCTGGGTCACTA
CCCCCCGCGGGTGATGAAGCACGGCCCCCC,154031,3,0.07,GCGGGTGATGAAGCACGG
CCCCCCAACCTGGACGTGCTGCTACCCCCC,154031,3,0.07,AACCTGGACGTGCTGCTA
CCCCCCACATTGAGGAGCCCTTGTCCCCCC,154031,3,0.07,ACATTGAGGAGCCCTTGT
CCCCCCGATGGAGGTGAGGTTGGCCCCCCC,154031,3,0.07,GATGGAGGTGAGGTTGGC
CCCCCCAGGCACGATTCGCTCGTACCCCCC,154031,3,0.07,AGGCACGATTCGCTCGTA
CCCCCCGCTCTGAAGGGGAGAAGACCCCCC,154031,3,0.07,GCTCTGAAGGGGAGAAGA
CCCCCCTGGTACACATTGGGGCTGCCCCCC,154031,3,0.07,TGGTACACATTGGGGCTG
CCCCCCTTTCGCATGTTGTGCTCTCCCCCC,154031,3,0.07,TTTCGCATGTTGTGCTCT
CCCCCCGGGGTCACTGAACGCTGGCCCCCC,154031,3,0.07,GGGGTCACTGAACGCTGG
CCCCCCGGGGCGCAGTTACCGTTTCCCCCC,154031,3,0.07,GGGGCGCAGTTACCGTTT
CCCCCCTGTGTGAGCTAAGGGTTCCCCCCC,154031,3,0.07,TGTGTGAGCTAAGGGTTC
CCCCCCGATGTCACTCGGGCTCTCCCCCCC,154031,3,0.07,GATGTCACTCGGGCTCTC
CCCCCCATGGTATCTACAGTGGTGCCCCCC,154031,3,0.07,ATGGTATCTACAGTGGTG
CCCCCCGATAGCCACGGGTAGTTTCCCCCC,154031,3,0.07,GATAGCCACGGGTAGTTT
CCCCCCATGGTCCGGATTGGTTGCCCCCCC,154031,3,0.07,ATGGTCCGGATTGGTTGC
CCCCCCTGCATCGGGCGGCCGCAACCCCCC,154031,3,0.07,TGCATCGGGCGGCCGCAA
CCCCCCGCTAGCCGACTAGGAGGGCCCCCC,154031,3,0.07,GCTAGCCGACTAGGAGGG
CCCCCCTGGTAGTGAACTGTGCTCCCCCCC,154031,3,0.07,TGGTAGTGAACTGTGCTC
CCCCCCTTGGTGGCTTAAGTGCTTCCCCCC,154031,3,0.07,TTGGTGGCTTAAGTGCTT
CCCCCCTAAGCATGGGAAGGGCTGCCCCCC,154031,3,0.07,TAAGCATGGGAAGGGCTG
CCCCCCTAAGAGCTCAGTGTGATACCCCCC,154031,3,0.07,TAAGAGCTCAGTGTGATA
CCCCCCTCGGTGGCTTTCGATGTGCCCCCC,154031,3,0.07,TCGGTGGCTTTCGATGTG
CCCCCCGGCGAAACGCGGCGGGTGCCCCCC,154031,3,0.07,GGCGAAACGCGGCGGGTG
CCCCCCGATGTACGTGTATGCGCTCCCCCC,154031,3,0.07,GATGTACGTGTATGCGCT
CCCCCCGAATTCGGGGTTTCTGATCCCCCC,154031,3,0.07,GAATTCGGGGTTTCTGAT
CCCCCCTATCAGGAGTGTAAGGTTCCCCCC,154031,3,0.07,TATCAGGAGTGTAAGGTT
CCCCCCGCCTGACCGATCCTTACTCCCCCC,154031,3,0.07,GCCTGACCGATCCTTACT
CCCCCCGCCATTGCTGCCTCCGATCCCCCC,154031,3,0.07,GCCATTGCTGCCTCCGAT
CCCCCCGGTGGGAAGTTGGGCCAGCCCCCC,154031,3,0.07,GGTGGGAAGTTGGGCCAG
CCCCCCGGCCAGATTAGACGGTGTCCCCCC,154031,3,0.07,GGCCAGATTAGACGGTGT
CCCCCCTTCGGGTCGCATCGTCGTCCCCCC,154031,3,0.07,TTCGGGTCGCATCGTCGT
CCCCCCGGGGGCCTTGTGTCTTCTCCCCCC,154031,3,0.07,GGGGGCCTTGTGTCTTCT
CCCCCCTGGGGAAAGTCCGGTGCCCCCCCC,154031,3,0.07,TGGGGAAAGTCCGGTGCC
CCCCCCTGGATCTGGTTCGTGGCTCCCCCC,154031,3,0.07,TGGATCTGGTTCGTGGCT
CCCCCCTGCGGTGTATACTGTATGCCCCCC,154031,3,0.07,TGCGGTGTATACTGTATG
CCCCCCGCGGATAGTCTAGTGCTTCCCCCC,154031,3,0.07,GCGGATAGTCTAGTGCTT
CCCCCCTCGGGGCGCGGTTAGACTCCCCCC,154031,3,0.07,TCGGGGCGCGGTTAGACT
CCCCCCATGGACGGTCAGGGTCGACCCCCC,154031,3,0.07,ATGGACGGTCAGGGTCGA
CCCCCCGTGGTACCTCGTTCACAACCCCCC,154031,3,0.07,GTGGTACCTCGTTCACAA
CCCCCCACATGGTGAGCGGCTTTTCCCCCC,154031,3,0.07,ACATGGTGAGCGGCTTTT
CCCCCCGACGGGAGAGATGTCGTGCCCCCC,154031,3,0.07,GACGGGAGAGATGTCGTG
CCCCCCAGACGTGGTAATGTAATTCCCCCC,154031,3,0.07,AGACGTGGTAATGTAATT
CCCCCCTTTATTCCGACGTCTCCTCCCCCC,154031,3,0.07,TTTATTCCGACGTCTCCT
CCCCCCAAGGGTTCTGGCAACATGCCCCCC,154031,3,0.07,AAGGGTTCTGGCAACATG
CCCCCCGCGGCGGATCGTATCACTCCCCCC,154031,3,0.07,GCGGCGGATCGTATCACT
CCCCCCTGCGTGTTTTGCCATGTGCCCCCC,154031,3,0.07,TGCGTGTTTTGCCATGTG
CCCCCCAGCGTACCCTCGGCGTGGCCCCCC,154031,3,0.07,AGCGTACCCTCGGCGTGG
CCCCCCCAATGGGTCACGTGTACGCCCCCC,154031,3,0.07,CAATGGGTCACGTGTACG
CCCCCCCATGTCCATGGTCTGGCTCCCCCC,154031,3,0.07,CATGTCCATGGTCTGGCT
CCCCCCGGTGTGGTCTCGGTAGATCCCCCC,154031,3,0.07,GGTGTGGTCTCGGTAGAT
CCCCCCGGGGGTTACGTCGATTATCCCCCC,154031,3,0.07,GGGGGTTACGTCGATTAT
CCCCCCAGGGTCCTGGATGGTGCGCCCCCC,154031,3,0.07,AGGGTCCTGGATGGTGCG
CCCCCCACAGAGATTGCGTGTGCCCCCCCC,154031,3,0.07,ACAGAGATTGCGTGTGCC
CCCCCCGTTACAGAGTCCGTGGTACCCCCC,154031,3,0.07,GTTACAGAGTCCGTGGTA
CCCCCCAACTTTCGTCAGACCTAGCCCCCC,154031,3,0.07,AACTTTCGTCAGACCTAG
CCCCCCTGCGGCGCGGGAGAGTCGCCCCCC,154031,3,0.07,TGCGGCGCGGGAGAGTCG
CCCCCCGGGAAGCAGGTTACTGTGCCCCCC,154031,3,0.07,GGGAAGCAGGTTACTGTG
CCCCCCGAATTGTTATGGTGCGTGCCCCCC,154031,3,0.07,GAATTGTTATGGTGCGTG
CCCCCCGGGTGAATGAGGACGGTTCCCCCC,154031,3,0.07,GGGTGAATGAGGACGGTT
CCCCCCAGGGGCTATCCTTATTCACCCCCC,154031,3,0.07,AGGGGCTATCCTTATTCA
CCCCCCAACCCTATTGGAGCTGCGCCCCCC,154031,3,0.07,AACCCTATTGGAGCTGCG
CCCCCCTCGAGTTCATGGGATCATCCCCCC,154031,3,0.07,TCGAGTTCATGGGATCAT
CCCCCCGTGGGCGGCTATACCGTACCCCCC,154031,3,0.07,GTGGGCGGCTATACCGTA
CCCCCCATGGTCATGATGTTCGTGCCCCCC,154031,3,0.07,ATGGTCATGATGTTCGTG
CCCCCCGTCCAGTGTGGGGGCTACCCCCCC,154031,3,0.07,GTCCAGTGTGGGGGCTAC
CCCCCCCACATTGGGGACAGGCTTCCCCCC,154031,3,0.07,CACATTGGGGACAGGCTT
CCCCCCTGTATTGAGCTCGAATATCCCCCC,154031,3,0.07,TGTATTGAGCTCGAATAT
CCCCCCGGTAGGACATTACACTGTCCCCCC,154031,3,0.07,GGTAGGACATTACACTGT
CCCCCCATCTAGTCGGTGCACGGTCCCCCC,154031,3,0.07,ATCTAGTCGGTGCACGGT
CCCCCCGGGATAGCAGATGGTGAACCCCCC,154031,3,0.07,GGGATAGCAGATGGTGAA
CCCCCCATTTTGCGTCCTCGTGTGCCCCCC,154031,3,0.07,ATTTTGCGTCCTCGTGTG
CCCCCCGTGTAAGGTGAGTCATCTCCCCCC,154031,3,0.07,GTGTAAGGTGAGTCATCT
CCCCCCGGGGAACGTCTCGTACTACCCCCC,154031,3,0.07,GGGGAACGTCTCGTACTA
CCCCCCTATGGCAGGGTAAGGGTGCCCCCC,154031,3,0.07,TATGGCAGGGTAAGGGTG
CCCCCCGTCGGGACTGCAATCTAACCCCCC,154031,3,0.07,GTCGGGACTGCAATCTAA
CCCCCCGGTAAATGGAGACTTCGGCCCCCC,154031,3,0.07,GGTAAATGGAGACTTCGG
CCCCCCAGGGCTGCCTAGTTTGTGCCCCCC,154031,3,0.07,AGGGCTGCCTAGTTTGTG
CCCCCCTACTTATGTTGTGCGTGGCCCCCC,154031,3,0.07,TACTTATGTTGTGCGTGG
CCCCCCGGATGGGCGGGCCCGGCACCCCCC,154031,3,0.07,GGATGGGCGGGCCCGGCA
CCCCCCGCCCCGTGGTCTGATCCTCCCCCC,154031,3,0.07,GCCCCGTGGTCTGATCCT
CCCCCCATGGTGGCTTGGGATCGGCCCCCC,154031,3,0.07,ATGGTGGCTTGGGATCGG
CCCCCCTGGGGCCTCGTCAGTGGACCCCCC,154031,3,0.07,TGGGGCCTCGTCAGTGGA
CCCCCCTCTCCCACTTCACGCTCGCCCCCC,154031,3,0.07,TCTCCCACTTCACGCTCG
CCCCCCTCATCAGTTGTCGCGGTGCCCCCC,154031,3,0.07,TCATCAGTTGTCGCGGTG
CCCCCCAAGTAGGGCCTAGTTTATCCCCCC,154031,3,0.07,AAGTAGGGCCTAGTTTAT
CCCCCCGCGTAGCGAGTAGTTTTGCCCCCC,154031,3,0.07,GCGTAGCGAGTAGTTTTG
CCCCCCGCGGCAAGGGTTTCGTGACCCCCC,154031,3,0.07,GCGGCAAGGGTTTCGTGA
CCCCCCAGCCAATTCATACCGGTGCCCCCC,154031,3,0.07,AGCCAATTCATACCGGTG
CCCCCCATCGGGGCAGGGTGCGGACCCCCC,154031,3,0.07,ATCGGGGCAGGGTGCGGA
CCCCCCGCAGGTTGCTAAGGGACACCCCCC,154031,3,0.07,GCAGGTTGCTAAGGGACA
CCCCCCATTGCTCATCTGTATGTGCCCCCC,154031,3,0.07,ATTGCTCATCTGTATGTG
CCCCCCGTGAACTTGGTTGACGTGCCCCCC,154031,3,0.07,GTGAACTTGGTTGACGTG
CCCCCCTCACGGACGGGTTGGCTGCCCCCC,154031,3,0.07,TCACGGACGGGTTGGCTG
CCCCCCGAGGCTGGAGGCTGGCGACCCCCC,154031,3,0.07,GAGGCTGGAGGCTGGCGA
CCCCCCACCAGGGTGCAGAGCGATCCCCCC,154031,3,0.07,ACCAGGGTGCAGAGCGAT
CCCCCCTATCAGTGTGTGCATGCGCCCCCC,154031,3,0.07,TATCAGTGTGTGCATGCG
CCCCCCAGGACCTTGTGGCTAGCGCCCCCC,154031,3,0.07,AGGACCTTGTGGCTAGCG
CCCCCCGTCGTGTAAATCGGAGATCCCCCC,154031,3,0.07,GTCGTGTAAATCGGAGAT
CCCCCCCTTCATGATACGGGCCTACCCCCC,154031,3,0.07,CTTCATGATACGGGCCTA
CCCCCCGTGATTCGGATTATGTTGCCCCCC,154031,3,0.07,GTGATTCGGATTATGTTG
CCCCCCGGTCGGTTTGTGAAATTTCCCCCC,154031,3,0.07,GGTCGGTTTGTGAAATTT
CCCCCCACTGTGGGGAAGAGTCGGCCCCCC,154031,3,0.07,ACTGTGGGGAAGAGTCGG
CCCCCCTCCCCATGTTTGCTCGTACCCCCC,154031,3,0.07,TCCCCATGTTTGCTCGTA
CCCCCCTTATTAAGCGCGACGAGGCCCCCC,154031,3,0.07,TTATTAAGCGCGACGAGG
CCCCCCGGGGGCTAGGCCGCAATTCCCCCC,154031,3,0.07,GGGGGCTAGGCCGCAATT
CCCCCCGATAGGTGACGGGAAGCTCCCCCC,154031,3,0.07,GATAGGTGACGGGAAGCT
CCCCCCGGCAAATGGTTCACGGGTCCCCCC,154031,3,0.07,GGCAAATGGTTCACGGGT
CCCCCCAAGGGTAAGCAGTCATCTCCCCCC,154031,3,0.07,AAGGGTAAGCAGTCATCT
CCCCCCGGAGGGGTAATTGCTGTACCCCCC,154031,3,0.07,GGAGGGGTAATTGCTGTA
CCCCCCTAGACAGGGGTTCTGGCTCCCCCC,154031,3,0.07,TAGACAGGGGTTCTGGCT
CCCCCCTAATAGTGCACGTCCGCTCCCCCC,154031,3,0.07,TAATAGTGCACGTCCGCT
CCCCCCGTAGCGCAGTGTGCTCATCCCCCC,154031,3,0.07,GTAGCGCAGTGTGCTCAT
CCCCCCGCTTATGGGGTGCATAATCCCCCC,154031,3,0.07,GCTTATGGGGTGCATAAT
CCCCCCTAGTGGGTACTCTCGCTGCCCCCC,154031,3,0.07,TAGTGGGTACTCTCGCTG
CCCCCCGCTCTAGCCACTGGGCTTCCCCCC,154031,3,0.07,GCTCTAGCCACTGGGCTT
CCCCCCACAGGGTTTGGTCTAATTCCCCCC,154031,3,0.07,ACAGGGTTTGGTCTAATT
CCCCCCTGTGTTCCGACCTATGGACCCCCC,154031,3,0.07,TGTGTTCCGACCTATGGA
CCCCCCTCTATGTGGGCTAATAGTCCCCCC,154031,3,0.07,TCTATGTGGGCTAATAGT
CCCCCCTGGGCTAATGTTCGGTTACCCCCC,154031,3,0.07,TGGGCTAATGTTCGGTTA
CCCCCCGGGGTACACTGCAAGACACCCCCC,154031,3,0.07,GGGGTACACTGCAAGACA
CCCCCCTACACCGAGTCGCTCTTTCCCCCC,154031,3,0.07,TACACCGAGTCGCTCTTT
CCCCCCAGCGAATGTCGTGTCGATCCCCCC,154031,3,0.07,AGCGAATGTCGTGTCGAT
CCCCCCATATGCGTATGTGGTGGACCCCCC,154031,3,0.07,ATATGCGTATGTGGTGGA
CCCCCCGATCCTACGCTGGTCTCACCCCCC,154031,3,0.07,GATCCTACGCTGGTCTCA
CCCCCCAATACTCTTCCATCCTTACCCCCC,154031,3,0.07,AATACTCTTCCATCCTTA
CCCCCCTCGCTGGTCTACCTATCGCCCCCC,154031,3,0.07,TCGCTGGTCTACCTATCG
CCCCCCAGAAATGCGTTGGGTCGTCCCCCC,154031,3,0.07,AGAAATGCGTTGGGTCGT
CCCCCCAGGTGGGCACGATGTAGTCCCCCC,154031,3,0.07,AGGTGGGCACGATGTAGT
CCCCCCACGTGCGCCACTCCTCCTCCCCCC,154031,3,0.07,ACGTGCGCCACTCCTCCT
CCCCCCCGATCCTTCATGTTGCTTCCCCCC,154031,3,0.07,CGATCCTTCATGTTGCTT
CCCCCCGTGCATAGGAGGTGCTAACCCCCC,154031,3,0.07,GTGCATAGGAGGTGCTAA
CCCCCCACGTCTGCTATCTTCCATCCCCCC,154031,3,0.07,ACGTCTGCTATCTTCCAT
CCCCCCGAGTTCACTCGCTATCTTCCCCCC,154031,3,0.07,GAGTTCACTCGCTATCTT
CCCCCCACTCGGCGTGGGTATTCCCCCCCC,154031,3,0.07,ACTCGGCGTGGGTATTCC
CCCCCCAAGTGGGATGTGACCTATCCCCCC,154031,3,0.07,AAGTGGGATGTGACCTAT
CCCCCCGATGGAGCGCTGTTCATTCCCCCC,154031,3,0.07,GATGGAGCGCTGTTCATT
CCCCCCACATGGAGGCTGCTGTTACCCCCC,154031,3,0.07,ACATGGAGGCTGCTGTTA
CCCCCCTTGGACGGGGCTCCTCGACCCCCC,154031,3,0.07,TTGGACGGGGCTCCTCGA
CCCCCCTATGCGTACGGTGAGGGTCCCCCC,154031,3,0.07,TATGCGTACGGTGAGGGT
CCCCCCGAGCCGTACCCTAATGTTCCCCCC,154031,3,0.07,GAGCCGTACCCTAATGTT
CCCCCCTTAAGACCGCTCAGTGATCCCCCC,154031,3,0.07,TTAAGACCGCTCAGTGAT
CCCCCCGGGTGTGTCTATATGTTTCCCCCC,154031,3,0.07,GGGTGTGTCTATATGTTT
CCCCCCCGTGGAGTGGCGGTAGTTCCCCCC,154031,3,0.07,CGTGGAGTGGCGGTAGTT
CCCCCCGGTGGGATAGACTGTATGCCCCCC,154031,3,0.07,GGTGGGATAGACTGTATG
CCCCCCAGTGCCTCCGCCTCGTGTCCCCCC,154031,3,0.07,AGTGCCTCCGCCTCGTGT
CCCCCCGGGGAGCACCAAGGCCTTCCCCCC,154031,3,0.07,GGGGAGCACCAAGGCCTT
CCCCCCGGCTGTGCAAGGGGAATGCCCCCC,154031,3,0.07,GGCTGTGCAAGGGGAATG
CCCCCCATGGTGAATTGCGGGCATCCCCCC,154031,3,0.07,ATGGTGAATTGCGGGCAT
CCCCCCTCAGTGAGGAGGTCGCCACCCCCC,154031,3,0.07,TCAGTGAGGAGGTCGCCA
CCCCCCTGCTAGGGTTGTACTTGACCCCCC,154031,3,0.07,TGCTAGGGTTGTACTTGA
CCCCCCAGGGGACGTAAGGCCCTGCCCCCC,154031,3,0.07,AGGGGACGTAAGGCCCTG
CCCCCCTGCACATGCTCTTCCTTACCCCCC,154031,3,0.07,TGCACATGCTCTTCCTTA
CCCCCCGCGGGTGGTGCCAACATGCCCCCC,154031,3,0.07,GCGGGTGGTGCCAACATG
CCCCCCTGGGCTGTTCAATGTGATCCCCCC,154031,3,0.07,TGGGCTGTTCAATGTGAT
CCCCCCTAGCAGTTGGCGTGTCGGCCCCCC,154031,3,0.07,TAGCAGTTGGCGTGTCGG
CCCCCCGGGATACAGTGCTCAGGACCCCCC,154031,3,0.07,GGGATACAGTGCTCAGGA
CCCCCCGTAAGTGCATTGGTCGTTCCCCCC,154031,3,0.07,GTAAGTGCATTGGTCGTT
CCCCCCGGCGGGCCAGATAATCGTCCCCCC,154031,3,0.07,GGCGGGCCAGATAATCGT
CCCCCCACTGCTCTTCCTACTGATCCCCCC,154031,3,0.07,ACTGCTCTTCCTACTGAT
CCCCCCATGGGGAAGCAACACTTACCCCCC,154031,3,0.07,ATGGGGAAGCAACACTTA
CCCCCCTATCCCCACTAGCCCTAGCCCCCC,154031,3,0.07,TATCCCCACTAGCCCTAG
CCCCCCGGCGCGGCAGGGGAGCTCCCCCCC,154031,3,0.07,GGCGCGGCAGGGGAGCTC
CCCCCCATCCAGTTCAGACTGTTCCCCCCC,154031,3,0.07,ATCCAGTTCAGACTGTTC
CCCCCCATCCGCACGTAGCTGTGGCCCCCC,154031,3,0.07,ATCCGCACGTAGCTGTGG
CCCCCCCTACGTGTCGTCTGTTAACCCCCC,154031,3,0.07,CTACGTGTCGTCTGTTAA
CCCCCCAGCCAGCAGGGGCCCTAGCCCCCC,154031,3,0.07,AGCCAGCAGGGGCCCTAG
CCCCCCCTCGTCGTGCGGTCTTGGCCCCCC,154031,3,0.07,CTCGTCGTGCGGTCTTGG
CCCCCCACAGGGCTATTATACGTGCCCCCC,154031,3,0.07,ACAGGGCTATTATACGTG
CCCCCCGTGGTTGGTTGATACGAGCCCCCC,154031,3,0.07,GTGGTTGGTTGATACGAG
CCCCCCACCGGGTGTTGAGCCGTGCCCCCC,154031,3,0.07,ACCGGGTGTTGAGCCGTG
CCCCCCTGTGTGCAGGATGAGGCTCCCCCC,154031,3,0.07,TGTGTGCAGGATGAGGCT
CCCCCCTTAATGGTGAAGCAGTGTCCCCCC,154031,3,0.07,TTAATGGTGAAGCAGTGT
CCCCCCGGGATGGCCGCGGTCTAGCCCCCC,154031,3,0.07,GGGATGGCCGCGGTCTAG
CCCCCCGAATACTACTGTGTGACACCCCCC,154031,3,0.07,GAATACTACTGTGTGACA
CCCCCCATGCAGGCGGCACGAGTACCCCCC,154031,3,0.07,ATGCAGGCGGCACGAGTA
CCCCCCTCTAACAGGGACCCGGTGCCCCCC,154031,3,0.07,TCTAACAGGGACCCGGTG
CCCCCCAGGTACGGAGATCGTGCACCCCCC,154031,3,0.07,AGGTACGGAGATCGTGCA
CCCCCCGTGCTCCAGGCGAACAAACCCCCC,154031,3,0.07,GTGCTCCAGGCGAACAAA
CCCCCCTACTCATGGTGCGGCCTACCCCCC,154031,3,0.07,TACTCATGGTGCGGCCTA
CCCCCCTTCCGCACGACCCGTAGTCCCCCC,154031,3,0.07,TTCCGCACGACCCGTAGT
CCCCCCGATCAGTATCGGGACTGACCCCCC,154031,3,0.07,GATCAGTATCGGGACTGA
CCCCCCGAGCAAATCGAACCCGATCCCCCC,154031,3,0.07,GAGCAAATCGAACCCGAT
CCCCCCGGCTTGTCGCTCGTATTACCCCCC,154031,3,0.07,GGCTTGTCGCTCGTATTA
CCCCCCATACATGGGTCCGAGGCGCCCCCC,154031,3,0.07,ATACATGGGTCCGAGGCG
CCCCCCGGGCTGCCTCCACTTGGTCCCCCC,154031,3,0.07,GGGCTGCCTCCACTTGGT
CCCCCCAGACGGGGCGACGCTCGGCCCCCC,154031,3,0.07,AGACGGGGCGACGCTCGG
CCCCCCTAGCAGGGGCAAGCTGGTCCCCCC,154031,3,0.07,TAGCAGGGGCAAGCTGGT
CCCCCCACGACATCGGGCGGAAAACCCCCC,154031,3,0.07,ACGACATCGGGCGGAAAA
CCCCCCTGCGGGGTAGAGAGCCATCCCCCC,154031,3,0.07,TGCGGGGTAGAGAGCCAT
CCCCCCATGGTAGTCCACGCTGCTCCCCCC,154031,3,0.07,ATGGTAGTCCACGCTGCT
CCCCCCTATAATAGCTAGCGTGCTCCCCCC,154031,3,0.07,TATAATAGCTAGCGTGCT
CCCCCCCTTCGAGGGTGATATTGACCCCCC,154031,3,0.07,CTTCGAGGGTGATATTGA
CCCCCCGCGCGGCGAGCCGGTAGGCCCCCC,154031,3,0.07,GCGCGGCGAGCCGGTAGG
CCCCCCAATAGGGATCGCATTGCTCCCCCC,154031,3,0.07,AATAGGGATCGCATTGCT
CCCCCCGTCCGATCCTTTTCTAAGCCCCCC,219867,2,0.05,GTCCGATCCTTTTCTAAG
CCCCCCGATCGTAGTTGACTGGCGCCCCCC,219867,2,0.05,GATCGTAGTTGACTGGCG
CCCCCCGGTGGTGGAATCAGTAGTCCCCCC,219867,2,0.05,GGTGGTGGAATCAGTAGT
CCCCCCTGGTCTATGCGGTGCACACCCCCC,219867,2,0.05,TGGTCTATGCGGTGCACA
CCCCCCATCGAGGCGCTGGAGGCTCCCCCC,219867,2,0.05,ATCGAGGCGCTGGAGGCT
CCCCCCGAAGTACGTGGCATCGTGCCCCCC,219867,2,0.05,GAAGTACGTGGCATCGTG
CCCCCCTTGTGCCTGGTCTGGTAGCCCCCC,219867,2,0.05,TTGTGCCTGGTCTGGTAG
CCCCCCGTGATACAGACGCCATGCCCCCCC,219867,2,0.05,GTGATACAGACGCCATGC
CCCCCCGGATAGGCACTCATTGGTCCCCCC,219867,2,0.05,GGATAGGCACTCATTGGT
CCCCCCGACGGGCCGTGGCGCGTTCCCCCC,219867,2,0.05,GACGGGCCGTGGCGCGTT
CCCCCCGCGTACTGGGTGTCCGATCCCCCC,219867,2,0.05,GCGTACTGGGTGTCCGAT
CCCCCCTAGGCGATGGTTGGTCTTCCCCCC,219867,2,0.05,TAGGCGATGGTTGGTCTT
CCCCCCATAGCGTATGGTATTGTGCCCCCC,219867,2,0.05,ATAGCGTATGGTATTGTG
CCCCCCATGGAAGGTGATTGGGAGCCCCCC,219867,2,0.05,ATGGAAGGTGATTGGGAG
CCCCCCTGTAGGTATGGTATTGTGCCCCCC,219867,2,0.05,TGTAGGTATGGTATTGTG
CCCCCCAGGGTCCAACTGGATGTTCCCCCC,219867,2,0.05,AGGGTCCAACTGGATGTT
CCCCCCACGGTAGGGTGATTACGTCCCCCC,219867,2,0.05,ACGGTAGGGTGATTACGT
CCCCCCTGTAAACGTTTACATGCTCCCCCC,219867,2,0.05,TGTAAACGTTTACATGCT
CCCCCCAATAAGTCATACCGTGAGCCCCCC,219867,2,0.05,AATAAGTCATACCGTGAG
CCCCCCAGGTGGCAATGGTATAACCCCCCC,219867,2,0.05,AGGTGGCAATGGTATAAC
CCCCCCATAGTGGTTAGTCATGGACCCCCC,219867,2,0.05,ATAGTGGTTAGTCATGGA
CCCCCCGCGGGTCAATGGCGACTACCCCCC,219867,2,0.05,GCGGGTCAATGGCGACTA
CCCCCCTGCGGTCCAGTAACGGTACCCCCC,219867,2,0.05,TGCGGTCCAGTAACGGTA
CCCCCCGCCTTTGGACCTCTCGTGCCCCCC,219867,2,0.05,GCCTTTGGACCTCTCGTG
CCCCCCTGGGGTCGTAACTTATCTCCCCCC,219867,2,0.05,TGGGGTCGTAACTTATCT
CCCCCCCGTGGGAAGGTTGTGGCGCCCCCC,219867,2,0.05,CGTGGGAAGGTTGTGGCG
CCCCCCATGAGGCTGTCGCGGGAGCCCCCC,219867,2,0.05,ATGAGGCTGTCGCGGGAG
CCCCCCCTAGCGTCCAGAGGTGTGCCCCCC,219867,2,0.05,CTAGCGTCCAGAGGTGTG
CCCCCCGGCATGGGCGCAGTGCTACCCCCC,219867,2,0.05,GGCATGGGCGCAGTGCTA
CCCCCCTGGTGTGACCTGCAATGTCCCCCC,219867,2,0.05,TGGTGTGACCTGCAATGT
CCCCCCTAGGGTGCTACTGAAACGCCCCCC,219867,2,0.05,TAGGGTGCTACTGAAACG
CCCCCCTTCCTGCGATCGGGTTAGCCCCCC,219867,2,0.05,TTCCTGCGATCGGGTTAG
CCCCCCTGGCGTGGGAGGTCTGCACCCCCC,219867,2,0.05,TGGCGTGGGAGGTCTGCA
CCCCCCAGGTCAGACTGTACTCTCCCCCCC,219867,2,0.05,AGGTCAGACTGTACTCTC
CCCCCCGGGATAGCAGAGTCGTCTCCCCCC,219867,2,0.05,GGGATAGCAGAGTCGTCT
CCCCCCAAGGAACCTCTCGTGTTTCCCCCC,219867,2,0.05,AAGGAACCTCTCGTGTTT
CCCCCCGCAGGTGTGCTCTGCGCTCCCCCC,219867,2,0.05,GCAGGTGTGCTCTGCGCT
CCCCCCGTGCTAGTGGTTTGCAGACCCCCC,219867,2,0.05,GTGCTAGTGGTTTGCAGA
CCCCCCGGAGTGCCCTGGCAAGAGCCCCCC,219867,2,0.05,GGAGTGCCCTGGCAAGAG
CCCCCCACCGGATGCTACGTCGTGCCCCCC,219867,2,0.05,ACCGGATGCTACGTCGTG
CCCCCCTAACCCGTGTCCCGTTAGCCCCCC,219867,2,0.05,TAACCCGTGTCCCGTTAG
CCCCCCAAGGGACGTCATACGAGGCCCCCC,219867,2,0.05,AAGGGACGTCATACGAGG
CCCCCCTGGGTCCTGCATTCCGCTCCCCCC,219867,2,0.05,TGGGTCCTGCATTCCGCT
CCCCCCGGGACATCGGAGGAGGGACCCCCC,219867,2,0.05,GGGACATCGGAGGAGGGA
CCCCCCAGGAGGAGTGTGATACATCCCCCC,219867,2,0.05,AGGAGGAGTGTGATACAT
CCCCCCTGACAGGGTCAGAGATTACCCCCC,219867,2,0.05,TGACAGGGTCAGAGATTA
CCCCCCTCTCCAAATAATGCGTGGCCCCCC,219867,2,0.05,TCTCCAAATAATGCGTGG
CCCCCCGTGTGGCTATCTTCACGACCCCCC,219867,2,0.05,GTGTGGCTATCTTCACGA
CCCCCCGGGATCACTAGGTCCGTGCCCCCC,219867,2,0.05,GGGATCACTAGGTCCGTG
CCCCCCTGGTTTAGAGGTGCTCTTCCCCCC,219867,2,0.05,TGGTTTAGAGGTGCTCTT
CCCCCCGAGATTCACTGCTGGGAGCCCCCC,219867,2,0.05,GAGATTCACTGCTGGGAG
CCCCCCGGGGTCAACTGTTGTTCACCCCCC,219867,2,0.05,GGGGTCAACTGTTGTTCA
CCCCCCGTGGCCCTGCTTAGCACACCCCCC,219867,2,0.05,GTGGCCCTGCTTAGCACA
CCCCCCATTGTTGAGTTTAGGGTGCCCCCC,219867,2,0.05,ATTGTTGAGTTTAGGGTG
CCCCCCCGTTCATCTCTACATGTTCCCCCC,219867,2,0.05,CGTTCATCTCTACATGTT
CCCCCCACTGGAATTCTCGGGCTACCCCCC,219867,2,0.05,ACTGGAATTCTCGGGCTA
CCCCCCGCTGACGGTGGTACTTCACCCCCC,219867,2,0.05,GCTGACGGTGGTACTTCA
CCCCCCATGGTCGACGCGAACATCCCCCCC,219867,2,0.05,ATGGTCGACGCGAACATC
CCCCCCAGCCGTGTTTTTGCTAGACCCCCC,219867,2,0.05,AGCCGTGTTTTTGCTAGA
CCCCCCTGGGCCTAGATCTTTGGTCCCCCC,219867,2,0.05,TGGGCCTAGATCTTTGGT
CCCCCCCGATTGGGGGCTAGGCTCCCCCCC,219867,2,0.05,CGATTGGGGGCTAGGCTC
CCCCCCTTAATGGGTTTGTAGATTCCCCCC,219867,2,0.05,TTAATGGGTTTGTAGATT
CCCCCCTCTGTGGGGCAAGTCGCGCCCCCC,219867,2,0.05,TCTGTGGGGCAAGTCGCG
CCCCCCAGTTCTCAGGGTGTAGCACCCCCC,219867,2,0.05,AGTTCTCAGGGTGTAGCA
CCCCCCAAGTGGTCATAGTCGGAACCCCCC,219867,2,0.05,AAGTGGTCATAGTCGGAA
CCCCCCGGACTGGGTCGCTGCGGTCCCCCC,219867,2,0.05,GGACTGGGTCGCTGCGGT
CCCCCCGTTTAGACACAGACTGCGCCCCCC,219867,2,0.05,GTTTAGACACAGACTGCG
CCCCCCATGGTCCAGTAAGCGTGGCCCCCC,219867,2,0.05,ATGGTCCAGTAAGCGTGG
CCCCCCTACTGCCTACACGTGGCTCCCCCC,219867,2,0.05,TACTGCCTACACGTGGCT
CCCCCCTTCCCTCGCCCAGCAACACCCCCC,219867,2,0.05,TTCCCTCGCCCAGCAACA
CCCCCCGGGGCCAAATAGTTCACGCCCCCC,219867,2,0.05,GGGGCCAAATAGTTCACG
CCCCCCTAAACGAGATGGGGACTTCCCCCC,219867,2,0.05,TAAACGAGATGGGGACTT
CCCCCCTCTCAACGAGCACGTTGTCCCCCC,219867,2,0.05,TCTCAACGAGCACGTTGT
CCCCCCTGGCGCCCGGGTGCAACGCCCCCC,219867,2,0.05,TGGCGCCCGGGTGCAACG
CCCCCCGGGACCCGAGAGCGTAGGCCCCCC,219867,2,0.05,GGGACCCGAGAGCGTAGG
CCCCCCTTAACTGTTCGGGAGTGTCCCCCC,219867,2,0.05,TTAACTGTTCGGGAGTGT
CCCCCCGTGCTTTGTCCGATAGTGCCCCCC,219867,2,0.05,GTGCTTTGTCCGATAGTG
CCCCCCATCTACTGTGTCCGGGCTCCCCCC,219867,2,0.05,ATCTACTGTGTCCGGGCT
CCCCCCAGCTTGGATGGGTTTAATCCCCCC,219867,2,0.05,AGCTTGGATGGGTTTAAT
CCCCCCGAGATCATGTGCCGAACGCCCCCC,219867,2,0.05,GAGATCATGTGCCGAACG